image_id,xai_method,randomization_level,cosine_similarity,spearman_correlation,top10_iou,actual_backend
0008c7920d2314716b18aeec794b9c660038f09d999037db881935ca9307d92f,gradcam,1,0.06385522731963363,-0.2304927405897583,0.0,cuda
0008c7920d2314716b18aeec794b9c660038f09d999037db881935ca9307d92f,integrated_gradients,1,0.6571510568717686,0.5776962694338963,0.21870066788099574,cuda
0008c7920d2314716b18aeec794b9c660038f09d999037db881935ca9307d92f,gradcam,2,0.6057329589895025,0.41281578033568345,0.11189895856414801,cuda
0008c7920d2314716b18aeec794b9c660038f09d999037db881935ca9307d92f,integrated_gradients,2,0.6375648089354334,0.541498170111632,0.19789925996657914,cuda
0008c7920d2314716b18aeec794b9c660038f09d999037db881935ca9307d92f,gradcam,3,0.0,0.0,0.001896775481681142,cuda
0008c7920d2314716b18aeec794b9c660038f09d999037db881935ca9307d92f,integrated_gradients,3,0.0,0.0,0.057980181319839764,cuda
0032224fe8c451bc550a770014e66ba230c13fdeb587583721b2b9701600973d,gradcam,1,0.49834496361210523,0.2364585547901149,0.02596606011040687,cuda
0032224fe8c451bc550a770014e66ba230c13fdeb587583721b2b9701600973d,integrated_gradients,1,0.6806177585120745,0.6543339014692844,0.2537164272329794,cuda
0032224fe8c451bc550a770014e66ba230c13fdeb587583721b2b9701600973d,gradcam,2,0.31056487003906447,-0.04639211658690092,0.07798066595059076,cuda
0032224fe8c451bc550a770014e66ba230c13fdeb587583721b2b9701600973d,integrated_gradients,2,0.6988925340695124,0.6915605312776193,0.3006739243131156,cuda
0032224fe8c451bc550a770014e66ba230c13fdeb587583721b2b9701600973d,gradcam,3,0.0,0.0,0.13030746705710103,cuda
0032224fe8c451bc550a770014e66ba230c13fdeb587583721b2b9701600973d,integrated_gradients,3,0.0,0.0,0.13209249858996053,cuda
003f749ca95fcdc13c9bab7dd99d14ab25e5b2ab18e3444ec72e68dcc6531bde,gradcam,1,0.1914092067287799,-0.2014250728759875,0.004504053648283455,cuda
003f749ca95fcdc13c9bab7dd99d14ab25e5b2ab18e3444ec72e68dcc6531bde,integrated_gradients,1,0.6551011621754266,0.4727574939127672,0.20726572837724047,cuda
003f749ca95fcdc13c9bab7dd99d14ab25e5b2ab18e3444ec72e68dcc6531bde,gradcam,2,0.37606355703537114,0.34075490185263035,0.013839781796141024,cuda
003f749ca95fcdc13c9bab7dd99d14ab25e5b2ab18e3444ec72e68dcc6531bde,integrated_gradients,2,0.6520910635217186,0.45039595377892566,0.17931844888366627,cuda
003f749ca95fcdc13c9bab7dd99d14ab25e5b2ab18e3444ec72e68dcc6531bde,gradcam,3,0.0,0.0,0.2736040609137056,cuda
003f749ca95fcdc13c9bab7dd99d14ab25e5b2ab18e3444ec72e68dcc6531bde,integrated_gradients,3,0.0,0.0,0.04694345921134988,cuda
005c597a68451ce3ebccfec40facb5cc8639e2d98ceb3543f1a2a934c86843b8,gradcam,1,0.4055001791125087,0.1122152463682623,0.0,cuda
005c597a68451ce3ebccfec40facb5cc8639e2d98ceb3543f1a2a934c86843b8,integrated_gradients,1,0.680920506713704,0.5706775465618246,0.2619137432415441,cuda
005c597a68451ce3ebccfec40facb5cc8639e2d98ceb3543f1a2a934c86843b8,gradcam,2,0.6557569500285467,0.3948046727502284,0.23428852539663017,cuda
005c597a68451ce3ebccfec40facb5cc8639e2d98ceb3543f1a2a934c86843b8,integrated_gradients,2,0.6058083640287524,0.573465243864505,0.23535204332840964,cuda
005c597a68451ce3ebccfec40facb5cc8639e2d98ceb3543f1a2a934c86843b8,gradcam,3,0.0,0.0,0.0,cuda
005c597a68451ce3ebccfec40facb5cc8639e2d98ceb3543f1a2a934c86843b8,integrated_gradients,3,0.0,0.0,0.029544521953221173,cuda
0152661d0be1854537b719176f968a1c4c87f57b65a0127b574fd6f7e4dc0362,gradcam,1,0.12860400792958976,-0.4626013529058767,0.0,cuda
0152661d0be1854537b719176f968a1c4c87f57b65a0127b574fd6f7e4dc0362,integrated_gradients,1,0.6795869262166767,0.3616603492667075,0.1977562955006564,cuda
0152661d0be1854537b719176f968a1c4c87f57b65a0127b574fd6f7e4dc0362,gradcam,2,0.4332989650049017,0.2941919706741093,0.19022770398481972,cuda
0152661d0be1854537b719176f968a1c4c87f57b65a0127b574fd6f7e4dc0362,integrated_gradients,2,0.687722429474014,0.39119924343366413,0.2335299901671583,cuda
0152661d0be1854537b719176f968a1c4c87f57b65a0127b574fd6f7e4dc0362,gradcam,3,0.0,0.0,0.0,cuda
0152661d0be1854537b719176f968a1c4c87f57b65a0127b574fd6f7e4dc0362,integrated_gradients,3,0.0,0.0,0.04075495177849217,cuda
018960069281a2d1e119d761bef56bf970d97d7642ddb98fb51b6c50f15de50d,gradcam,1,0.9466128999003035,0.7122604146318644,0.8320554947060971,cuda
018960069281a2d1e119d761bef56bf970d97d7642ddb98fb51b6c50f15de50d,integrated_gradients,1,0.7092291317288425,0.4018664710073713,0.21076124984919772,cuda
018960069281a2d1e119d761bef56bf970d97d7642ddb98fb51b6c50f15de50d,gradcam,2,0.10816258458407514,-0.42887323300569574,0.0,cuda
018960069281a2d1e119d761bef56bf970d97d7642ddb98fb51b6c50f15de50d,integrated_gradients,2,0.6553071724647537,0.34975673882001185,0.18418879056047197,cuda
018960069281a2d1e119d761bef56bf970d97d7642ddb98fb51b6c50f15de50d,gradcam,3,0.0,0.0,0.0,cuda
018960069281a2d1e119d761bef56bf970d97d7642ddb98fb51b6c50f15de50d,integrated_gradients,3,0.0,0.0,0.11834187653220414,cuda
0218a8a6f5044ef678e3d7ccc618f463a13b7caf086180649bfaf7966daefe1b,gradcam,1,0.6162958278981221,0.2279597102492673,0.12008928571428572,cuda
0218a8a6f5044ef678e3d7ccc618f463a13b7caf086180649bfaf7966daefe1b,integrated_gradients,1,0.6308629877593852,0.6555855328626211,0.32401055408970975,cuda
0218a8a6f5044ef678e3d7ccc618f463a13b7caf086180649bfaf7966daefe1b,gradcam,2,0.12590901432713178,-0.4357129326942849,0.0,cuda
0218a8a6f5044ef678e3d7ccc618f463a13b7caf086180649bfaf7966daefe1b,integrated_gradients,2,0.5907155310192422,0.6238763414908971,0.2792861695347355,cuda
0218a8a6f5044ef678e3d7ccc618f463a13b7caf086180649bfaf7966daefe1b,gradcam,3,0.0,0.0,0.040647034425549566,cuda
0218a8a6f5044ef678e3d7ccc618f463a13b7caf086180649bfaf7966daefe1b,integrated_gradients,3,0.0,0.0,0.011693548387096775,cuda
021997c3bdae2ba306907f9085ea95ec105f7ac273bd706ac1d63b57eb923acb,gradcam,1,0.30047134254549107,-0.07058521723321948,0.005309025343083242,cuda
021997c3bdae2ba306907f9085ea95ec105f7ac273bd706ac1d63b57eb923acb,integrated_gradients,1,0.6931425431494247,0.5999349436518336,0.3200052610811522,cuda
021997c3bdae2ba306907f9085ea95ec105f7ac273bd706ac1d63b57eb923acb,gradcam,2,0.7834126952560443,0.6236406833635517,0.19305753685211602,cuda
021997c3bdae2ba306907f9085ea95ec105f7ac273bd706ac1d63b57eb923acb,integrated_gradients,2,0.6901940805825815,0.6453959054632229,0.3505584712690082,cuda
021997c3bdae2ba306907f9085ea95ec105f7ac273bd706ac1d63b57eb923acb,gradcam,3,0.0,0.0,0.0,cuda
021997c3bdae2ba306907f9085ea95ec105f7ac273bd706ac1d63b57eb923acb,integrated_gradients,3,0.0,0.0,0.06629834254143646,cuda
0309b284073b6538aa79d11b7c610f2e40aa3986088adab52f4c2afface957fc,gradcam,1,0.4748344335024374,0.04361749570512831,0.044981257809246146,cuda
0309b284073b6538aa79d11b7c610f2e40aa3986088adab52f4c2afface957fc,integrated_gradients,1,0.624956724406541,0.48630653269657925,0.2036459582633725,cuda
0309b284073b6538aa79d11b7c610f2e40aa3986088adab52f4c2afface957fc,gradcam,2,0.7607736114679688,0.5632039577304813,0.23947140916388787,cuda
0309b284073b6538aa79d11b7c610f2e40aa3986088adab52f4c2afface957fc,integrated_gradients,2,0.6114100496710381,0.4717393765074994,0.20234814903558165,cuda
0309b284073b6538aa79d11b7c610f2e40aa3986088adab52f4c2afface957fc,gradcam,3,0.0,0.0,0.0,cuda
0309b284073b6538aa79d11b7c610f2e40aa3986088adab52f4c2afface957fc,integrated_gradients,3,0.0,0.0,0.02912223133716161,cuda
0331e5a625f266105c70e5b044c3a49a99ac6aea79fd09362ce658ee4232e6d3,gradcam,1,0.1933531512314361,-0.08003705151170913,0.0,cuda
0331e5a625f266105c70e5b044c3a49a99ac6aea79fd09362ce658ee4232e6d3,integrated_gradients,1,0.6421805534930087,0.5697505630746466,0.24115755627009647,cuda
0331e5a625f266105c70e5b044c3a49a99ac6aea79fd09362ce658ee4232e6d3,gradcam,2,0.5743332149547768,0.2567013792979621,0.29781456097245573,cuda
0331e5a625f266105c70e5b044c3a49a99ac6aea79fd09362ce658ee4232e6d3,integrated_gradients,2,0.6717766045726596,0.5626390910958312,0.25043608273112383,cuda
0331e5a625f266105c70e5b044c3a49a99ac6aea79fd09362ce658ee4232e6d3,gradcam,3,0.0,0.0,0.10479964773227653,cuda
0331e5a625f266105c70e5b044c3a49a99ac6aea79fd09362ce658ee4232e6d3,integrated_gradients,3,0.0,0.0,0.05023022185014651,cuda
0344c5143d565106910a31f3556d00ecda7dabb17f10afde58c1952e0f36e7a7,gradcam,1,0.6935821767582905,0.4905703244849067,0.381417756366139,cuda
0344c5143d565106910a31f3556d00ecda7dabb17f10afde58c1952e0f36e7a7,integrated_gradients,1,0.6883755306228534,0.6070830322215696,0.27425088877602843,cuda
0344c5143d565106910a31f3556d00ecda7dabb17f10afde58c1952e0f36e7a7,gradcam,2,0.6354303088815122,0.34156876586725865,0.20105313547151749,cuda
0344c5143d565106910a31f3556d00ecda7dabb17f10afde58c1952e0f36e7a7,integrated_gradients,2,0.6327675459065294,0.6183808627864107,0.2758708365115688,cuda
0344c5143d565106910a31f3556d00ecda7dabb17f10afde58c1952e0f36e7a7,gradcam,3,0.0,0.0,0.076939585792467,cuda
0344c5143d565106910a31f3556d00ecda7dabb17f10afde58c1952e0f36e7a7,integrated_gradients,3,0.0,0.0,0.018883248730964468,cuda
03824e4a8805db421ff4a3f22ef2c3baf1b80771c85c34a5aa6f29f4bf12d3d9,gradcam,1,0.28469268978373896,-0.15969667868975357,0.0,cuda
03824e4a8805db421ff4a3f22ef2c3baf1b80771c85c34a5aa6f29f4bf12d3d9,integrated_gradients,1,0.6184152053173386,0.4539899232953303,0.19334126040428062,cuda
03824e4a8805db421ff4a3f22ef2c3baf1b80771c85c34a5aa6f29f4bf12d3d9,gradcam,2,0.641345091994897,0.5740700343590271,0.12473383391236131,cuda
03824e4a8805db421ff4a3f22ef2c3baf1b80771c85c34a5aa6f29f4bf12d3d9,integrated_gradients,2,0.6547673583059045,0.4767441425675435,0.2145709790632942,cuda
03824e4a8805db421ff4a3f22ef2c3baf1b80771c85c34a5aa6f29f4bf12d3d9,gradcam,3,0.0,0.0,0.0,cuda
03824e4a8805db421ff4a3f22ef2c3baf1b80771c85c34a5aa6f29f4bf12d3d9,integrated_gradients,3,0.0,0.0,0.03134313020244579,cuda
03868a775867a3cf2ea916c0adb924c7291329c3b41f86887398b5be0d48c380,gradcam,1,0.5210860079082853,0.12335294804922536,0.18001175778953557,cuda
03868a775867a3cf2ea916c0adb924c7291329c3b41f86887398b5be0d48c380,integrated_gradients,1,0.6612256028848784,0.5291185153084266,0.22285853539661266,cuda
03868a775867a3cf2ea916c0adb924c7291329c3b41f86887398b5be0d48c380,gradcam,2,0.7889408128554095,0.27395016768920566,0.1347806422433288,cuda
03868a775867a3cf2ea916c0adb924c7291329c3b41f86887398b5be0d48c380,integrated_gradients,2,0.6311215797358497,0.5142420269124863,0.23095792959646755,cuda
03868a775867a3cf2ea916c0adb924c7291329c3b41f86887398b5be0d48c380,gradcam,3,0.0,0.0,0.0,cuda
03868a775867a3cf2ea916c0adb924c7291329c3b41f86887398b5be0d48c380,integrated_gradients,3,0.0,0.0,0.08968512486427796,cuda
03d365ec9b2f8df51c29064486a5fff1a814479f2b1b1fc905ce5ce6acac9761,gradcam,1,0.5149766838393289,0.09056452180567849,0.18390940191105343,cuda
03d365ec9b2f8df51c29064486a5fff1a814479f2b1b1fc905ce5ce6acac9761,integrated_gradients,1,0.6871546509022372,0.5876267586166736,0.2906378600823045,cuda
03d365ec9b2f8df51c29064486a5fff1a814479f2b1b1fc905ce5ce6acac9761,gradcam,2,0.48874161155931206,0.13574038616204315,0.15462494247583985,cuda
03d365ec9b2f8df51c29064486a5fff1a814479f2b1b1fc905ce5ce6acac9761,integrated_gradients,2,0.6314360907269455,0.568663478243664,0.26877370417193425,cuda
03d365ec9b2f8df51c29064486a5fff1a814479f2b1b1fc905ce5ce6acac9761,gradcam,3,0.0,0.0,0.1906513228140942,cuda
03d365ec9b2f8df51c29064486a5fff1a814479f2b1b1fc905ce5ce6acac9761,integrated_gradients,3,0.0,0.0,0.005711995189898788,cuda
040cc6624ddfff55c59203c038aeb952d2e8a0f1dbe39ae11d9a763cc1913653,gradcam,1,0.6028141019206642,-0.05230709650222114,0.07659300579274833,cuda
040cc6624ddfff55c59203c038aeb952d2e8a0f1dbe39ae11d9a763cc1913653,integrated_gradients,1,0.7123094643255132,0.5877905549487348,0.26749179085627683,cuda
040cc6624ddfff55c59203c038aeb952d2e8a0f1dbe39ae11d9a763cc1913653,gradcam,2,0.4885066040468278,0.21148586003099024,0.0090488638648703,cuda
040cc6624ddfff55c59203c038aeb952d2e8a0f1dbe39ae11d9a763cc1913653,integrated_gradients,2,0.7498005155279215,0.6148352697958686,0.3241852487135506,cuda
040cc6624ddfff55c59203c038aeb952d2e8a0f1dbe39ae11d9a763cc1913653,gradcam,3,0.0,0.0,0.021267935280350057,cuda
040cc6624ddfff55c59203c038aeb952d2e8a0f1dbe39ae11d9a763cc1913653,integrated_gradients,3,0.0,0.0,0.03699111386650134,cuda
04329e3d75809f98c037b070433650f1ee51dd3d72050a07125219e38dbfb23f,gradcam,1,0.4694841637379678,0.25827620599991474,0.05298499632777253,cuda
04329e3d75809f98c037b070433650f1ee51dd3d72050a07125219e38dbfb23f,integrated_gradients,1,0.64981198483543,0.4577041154146697,0.26223116589108286,cuda
04329e3d75809f98c037b070433650f1ee51dd3d72050a07125219e38dbfb23f,gradcam,2,0.6114155676909323,0.2935299238432094,0.25544158118588944,cuda
04329e3d75809f98c037b070433650f1ee51dd3d72050a07125219e38dbfb23f,integrated_gradients,2,0.6451701215363981,0.43600003568101936,0.22914880587875078,cuda
04329e3d75809f98c037b070433650f1ee51dd3d72050a07125219e38dbfb23f,gradcam,3,0.0,0.0,0.23687453783583928,cuda
04329e3d75809f98c037b070433650f1ee51dd3d72050a07125219e38dbfb23f,integrated_gradients,3,0.0,0.0,0.026595744680851064,cuda
0433dd299de45a23b95d87a269e1bea72d522594c3401d6ecbcfc42d6c0ce903,gradcam,1,0.025964787947577277,-0.5995837948483954,0.0,cuda
0433dd299de45a23b95d87a269e1bea72d522594c3401d6ecbcfc42d6c0ce903,integrated_gradients,1,0.7061114069796253,0.48008803111835974,0.22854694577059614,cuda
0433dd299de45a23b95d87a269e1bea72d522594c3401d6ecbcfc42d6c0ce903,gradcam,2,0.7303700456234679,0.40663756413997465,0.14318259482856818,cuda
0433dd299de45a23b95d87a269e1bea72d522594c3401d6ecbcfc42d6c0ce903,integrated_gradients,2,0.6786437396511247,0.48271211627809324,0.20697534576067347,cuda
0433dd299de45a23b95d87a269e1bea72d522594c3401d6ecbcfc42d6c0ce903,gradcam,3,0.0,0.0,0.0008975765433330009,cuda
0433dd299de45a23b95d87a269e1bea72d522594c3401d6ecbcfc42d6c0ce903,integrated_gradients,3,0.0,0.0,0.16860735910572894,cuda
04a84209e39d733e7da4ccc9435314444e4f2eb639f3343383b346ac2036db61,gradcam,1,0.1927714317114269,-0.1757403234036008,0.0,cuda
04a84209e39d733e7da4ccc9435314444e4f2eb639f3343383b346ac2036db61,integrated_gradients,1,0.6271819331492137,0.5300269248098749,0.2321669736034377,cuda
04a84209e39d733e7da4ccc9435314444e4f2eb639f3343383b346ac2036db61,gradcam,2,0.4978042508846218,0.005757154160764472,0.001896775481681142,cuda
04a84209e39d733e7da4ccc9435314444e4f2eb639f3343383b346ac2036db61,integrated_gradients,2,0.6450419791103404,0.5510223332272222,0.2606456475317171,cuda
04a84209e39d733e7da4ccc9435314444e4f2eb639f3343383b346ac2036db61,gradcam,3,0.0,0.0,0.0,cuda
04a84209e39d733e7da4ccc9435314444e4f2eb639f3343383b346ac2036db61,integrated_gradients,3,0.0,0.0,0.05909666525960321,cuda
04eeb4e3f62918fb6ace5a4396df1491a8560d33d2dc39dbd87ed75f92901dab,gradcam,1,0.3502654052415607,0.1982103468059895,0.03634861627426683,cuda
04eeb4e3f62918fb6ace5a4396df1491a8560d33d2dc39dbd87ed75f92901dab,integrated_gradients,1,0.6965663344281103,0.5112115749668539,0.28633683670853627,cuda
04eeb4e3f62918fb6ace5a4396df1491a8560d33d2dc39dbd87ed75f92901dab,gradcam,2,0.2550809799462321,-0.087079285698155,0.0,cuda
04eeb4e3f62918fb6ace5a4396df1491a8560d33d2dc39dbd87ed75f92901dab,integrated_gradients,2,0.6951268196875751,0.5005499118700538,0.2587482754295748,cuda
04eeb4e3f62918fb6ace5a4396df1491a8560d33d2dc39dbd87ed75f92901dab,gradcam,3,0.0,0.0,0.0,cuda
04eeb4e3f62918fb6ace5a4396df1491a8560d33d2dc39dbd87ed75f92901dab,integrated_gradients,3,0.0,0.0,0.053316540722082285,cuda
05adbdc823a9cdb4f3c82f1d384d53157ae2e91192d1695ba344b188f525b30e,gradcam,1,0.17209801522630389,-0.24014078463016564,0.0,cuda
05adbdc823a9cdb4f3c82f1d384d53157ae2e91192d1695ba344b188f525b30e,integrated_gradients,1,0.6791661771911668,0.5139278150997604,0.2373320182468253,cuda
05adbdc823a9cdb4f3c82f1d384d53157ae2e91192d1695ba344b188f525b30e,gradcam,2,0.4066686478024307,-0.07571312858516765,0.13619381863466545,cuda
05adbdc823a9cdb4f3c82f1d384d53157ae2e91192d1695ba344b188f525b30e,integrated_gradients,2,0.6401083518462243,0.5037028153657234,0.22285853539661266,cuda
05adbdc823a9cdb4f3c82f1d384d53157ae2e91192d1695ba344b188f525b30e,gradcam,3,0.0,0.0,0.0005982053838484546,cuda
05adbdc823a9cdb4f3c82f1d384d53157ae2e91192d1695ba344b188f525b30e,integrated_gradients,3,0.0,0.0,0.09539401877319363,cuda
05c1db4ce7c4f8ebfe80bb0375a7b2ab34a44cd4077fe3ecc918562913fa18fe,gradcam,1,0.23438656013238213,-0.2795580025185214,0.010776513244032632,cuda
05c1db4ce7c4f8ebfe80bb0375a7b2ab34a44cd4077fe3ecc918562913fa18fe,integrated_gradients,1,0.6511157559292022,0.5354273138438697,0.2145709790632942,cuda
05c1db4ce7c4f8ebfe80bb0375a7b2ab34a44cd4077fe3ecc918562913fa18fe,gradcam,2,0.47791398405361757,0.3350867531818115,0.11029981192609802,cuda
05c1db4ce7c4f8ebfe80bb0375a7b2ab34a44cd4077fe3ecc918562913fa18fe,integrated_gradients,2,0.6200039896314199,0.5494232019372973,0.23262097764676984,cuda
05c1db4ce7c4f8ebfe80bb0375a7b2ab34a44cd4077fe3ecc918562913fa18fe,gradcam,3,0.0,0.0,0.0,cuda
05c1db4ce7c4f8ebfe80bb0375a7b2ab34a44cd4077fe3ecc918562913fa18fe,integrated_gradients,3,0.0,0.0,0.08497297297297297,cuda
05dc467b684b527915d1789fd8f233d6e53246114e21a54ffb072569422bf6ea,gradcam,1,0.35806418570371795,-0.03453757947470515,0.021579804560260585,cuda
05dc467b684b527915d1789fd8f233d6e53246114e21a54ffb072569422bf6ea,integrated_gradients,1,0.676383332134393,0.592515350289599,0.2200340384147824,cuda
05dc467b684b527915d1789fd8f233d6e53246114e21a54ffb072569422bf6ea,gradcam,2,0.6965966258006474,0.44959603061694864,0.2650951720660532,cuda
05dc467b684b527915d1789fd8f233d6e53246114e21a54ffb072569422bf6ea,integrated_gradients,2,0.6465254337140952,0.5622650328996688,0.185027748258354,cuda
05dc467b684b527915d1789fd8f233d6e53246114e21a54ffb072569422bf6ea,gradcam,3,0.0,0.0,0.0,cuda
05dc467b684b527915d1789fd8f233d6e53246114e21a54ffb072569422bf6ea,integrated_gradients,3,0.0,0.0,0.06629834254143646,cuda
06d1a783bf3604fe3976adcc2fce4132cb320a5f1d9bf6f3a167369ffdff1cd7,gradcam,1,0.2941281512024279,-0.13288767263769444,0.0,cuda
06d1a783bf3604fe3976adcc2fce4132cb320a5f1d9bf6f3a167369ffdff1cd7,integrated_gradients,1,0.6854353267495009,0.5327224495006536,0.2402372713791399,cuda
06d1a783bf3604fe3976adcc2fce4132cb320a5f1d9bf6f3a167369ffdff1cd7,gradcam,2,0.6088885981387336,0.3550261946190957,0.21178459309345568,cuda
06d1a783bf3604fe3976adcc2fce4132cb320a5f1d9bf6f3a167369ffdff1cd7,integrated_gradients,2,0.7126730594527596,0.570690810160448,0.2814096016343207,cuda
06d1a783bf3604fe3976adcc2fce4132cb320a5f1d9bf6f3a167369ffdff1cd7,gradcam,3,0.0,0.0,0.0,cuda
06d1a783bf3604fe3976adcc2fce4132cb320a5f1d9bf6f3a167369ffdff1cd7,integrated_gradients,3,0.0,0.0,0.10797085449326563,cuda
0732573a6de97333d8c235f1775a591cceda1b5e37cd57c7e3ce2aada8dedf3f,gradcam,1,0.3222746142718162,-0.4032649994375195,0.013225643614336193,cuda
0732573a6de97333d8c235f1775a591cceda1b5e37cd57c7e3ce2aada8dedf3f,integrated_gradients,1,0.7092089722670165,0.6743507354081175,0.31827137790621307,cuda
0732573a6de97333d8c235f1775a591cceda1b5e37cd57c7e3ce2aada8dedf3f,gradcam,2,0.6084547562560855,0.3323706567466935,0.1906513228140942,cuda
0732573a6de97333d8c235f1775a591cceda1b5e37cd57c7e3ce2aada8dedf3f,integrated_gradients,2,0.6314602532041128,0.6659755771891257,0.32331223628691985,cuda
0732573a6de97333d8c235f1775a591cceda1b5e37cd57c7e3ce2aada8dedf3f,gradcam,3,0.0,0.0,0.0,cuda
0732573a6de97333d8c235f1775a591cceda1b5e37cd57c7e3ce2aada8dedf3f,integrated_gradients,3,0.0,0.0,0.0056112224448897794,cuda
0792f27d6d1593edf81f7ae636b67e044c38f094f6b4b590edc9f0434d5b3b03,gradcam,1,0.5268231742909413,0.057326968961145607,0.011387685175854076,cuda
0792f27d6d1593edf81f7ae636b67e044c38f094f6b4b590edc9f0434d5b3b03,integrated_gradients,1,0.6767093798135639,0.575589254915019,0.21825685846079146,cuda
0792f27d6d1593edf81f7ae636b67e044c38f094f6b4b590edc9f0434d5b3b03,gradcam,2,0.5297142072157585,0.04311154176704168,0.022724956690104964,cuda
0792f27d6d1593edf81f7ae636b67e044c38f094f6b4b590edc9f0434d5b3b03,integrated_gradients,2,0.6700167338371155,0.5761454331276394,0.24608889992550287,cuda
0792f27d6d1593edf81f7ae636b67e044c38f094f6b4b590edc9f0434d5b3b03,gradcam,3,0.0,0.0,0.0,cuda
0792f27d6d1593edf81f7ae636b67e044c38f094f6b4b590edc9f0434d5b3b03,integrated_gradients,3,0.0,0.0,0.043243243243243246,cuda
07b7d3baa1fc079cb4c777b1aeeacade94fbb6315a3b5f109d5b615549fd6b94,gradcam,1,0.030829534495425345,-0.5989223866180192,0.0,cuda
07b7d3baa1fc079cb4c777b1aeeacade94fbb6315a3b5f109d5b615549fd6b94,integrated_gradients,1,0.6914013210751547,0.4939836278900795,0.23626508992362652,cuda
07b7d3baa1fc079cb4c777b1aeeacade94fbb6315a3b5f109d5b615549fd6b94,gradcam,2,0.5986677800719352,0.4767606651429238,0.09146275149537793,cuda
07b7d3baa1fc079cb4c777b1aeeacade94fbb6315a3b5f109d5b615549fd6b94,integrated_gradients,2,0.647103740084429,0.42253004364726976,0.20076573342905002,cuda
07b7d3baa1fc079cb4c777b1aeeacade94fbb6315a3b5f109d5b615549fd6b94,gradcam,3,0.0,0.0,0.0,cuda
07b7d3baa1fc079cb4c777b1aeeacade94fbb6315a3b5f109d5b615549fd6b94,integrated_gradients,3,0.0,0.0,0.048803427735395546,cuda
07eb28c78a65969ab23d88c6d0c5f1e7ee469d0b711089c341714902973d6cc3,gradcam,1,0.6075705284783742,0.08372147663660266,0.3936953200944313,cuda
07eb28c78a65969ab23d88c6d0c5f1e7ee469d0b711089c341714902973d6cc3,integrated_gradients,1,0.6026209465550583,0.5153046851490131,0.24825870646766168,cuda
07eb28c78a65969ab23d88c6d0c5f1e7ee469d0b711089c341714902973d6cc3,gradcam,2,0.7335425833935926,0.5445679352913665,0.17188229799159271,cuda
07eb28c78a65969ab23d88c6d0c5f1e7ee469d0b711089c341714902973d6cc3,integrated_gradients,2,0.6131944611762855,0.4637191111123752,0.2341367437284801,cuda
07eb28c78a65969ab23d88c6d0c5f1e7ee469d0b711089c341714902973d6cc3,gradcam,3,0.0,0.0,0.0,cuda
07eb28c78a65969ab23d88c6d0c5f1e7ee469d0b711089c341714902973d6cc3,integrated_gradients,3,0.0,0.0,0.004504053648283455,cuda
083fa5b7a12e6d24e0f3daca9d121560486cc0a00f05849ec893eb2378352570,gradcam,1,0.5668517746837006,0.25287348548595817,0.06111228589553817,cuda
083fa5b7a12e6d24e0f3daca9d121560486cc0a00f05849ec893eb2378352570,integrated_gradients,1,0.6972438640585291,0.6291657609567658,0.3010111485610578,cuda
083fa5b7a12e6d24e0f3daca9d121560486cc0a00f05849ec893eb2378352570,gradcam,2,0.365830201208586,0.15983344421477816,0.10043859649122808,cuda
083fa5b7a12e6d24e0f3daca9d121560486cc0a00f05849ec893eb2378352570,integrated_gradients,2,0.6439113196399263,0.606493435331524,0.2802653399668325,cuda
083fa5b7a12e6d24e0f3daca9d121560486cc0a00f05849ec893eb2378352570,gradcam,3,0.0,0.0,0.0,cuda
083fa5b7a12e6d24e0f3daca9d121560486cc0a00f05849ec893eb2378352570,integrated_gradients,3,0.0,0.0,0.004403522818254604,cuda
093da62dc8f2baf9f17f489d84939766adde331c9d0491e77e009aaad4918bac,gradcam,1,0.5117671942446548,0.1486271876917298,0.040107783189967876,cuda
093da62dc8f2baf9f17f489d84939766adde331c9d0491e77e009aaad4918bac,integrated_gradients,1,0.6979600905592543,0.6086154263272745,0.35237838566230967,cuda
093da62dc8f2baf9f17f489d84939766adde331c9d0491e77e009aaad4918bac,gradcam,2,0.6463951772299996,0.2327699048905788,0.18140082401412597,cuda
093da62dc8f2baf9f17f489d84939766adde331c9d0491e77e009aaad4918bac,integrated_gradients,2,0.6639913604847747,0.6240169414578925,0.3445873526259378,cuda
093da62dc8f2baf9f17f489d84939766adde331c9d0491e77e009aaad4918bac,gradcam,3,0.0,0.0,0.06709197235513024,cuda
093da62dc8f2baf9f17f489d84939766adde331c9d0491e77e009aaad4918bac,integrated_gradients,3,0.0,0.0,0.0684552326200362,cuda
097b0cf884ce1a072854b3d6e5f5f2ce46b61463f72375488913a23b921525a7,gradcam,1,0.4891680715189675,-0.32935477629722565,0.0,cuda
097b0cf884ce1a072854b3d6e5f5f2ce46b61463f72375488913a23b921525a7,integrated_gradients,1,0.6733530259092815,0.7262460046992838,0.27102330293819654,cuda
097b0cf884ce1a072854b3d6e5f5f2ce46b61463f72375488913a23b921525a7,gradcam,2,0.740447254569798,0.4744077150968611,0.2774949083503055,cuda
097b0cf884ce1a072854b3d6e5f5f2ce46b61463f72375488913a23b921525a7,integrated_gradients,2,0.6888653483854367,0.711612709880607,0.26973684210526316,cuda
097b0cf884ce1a072854b3d6e5f5f2ce46b61463f72375488913a23b921525a7,gradcam,3,0.0,0.0,0.0,cuda
097b0cf884ce1a072854b3d6e5f5f2ce46b61463f72375488913a23b921525a7,integrated_gradients,3,0.0,0.0,0.055421179934798614,cuda
