threshold,tn,fp,fn,tp,far,ffr,tar,spoof_detection_rate,apcer,bpcer,acer,accuracy
0.0,0,500,0,500,0.0,1.0,0.0,1.0,0.0,1.0,0.5,0.5
6.65002775068757e-11,0,500,0,500,0.0,1.0,0.0,1.0,0.0,1.0,0.5,0.5
1.8744684970872783e-10,1,499,0,500,0.0,0.998,0.0020000000000000018,1.0,0.0,0.998,0.499,0.501
9.289018443325858e-10,2,498,0,500,0.0,0.996,0.0040000000000000036,1.0,0.0,0.996,0.498,0.502
1.1056195958758508e-09,3,497,0,500,0.0,0.994,0.006000000000000005,1.0,0.0,0.994,0.497,0.503
2.66665445280978e-09,4,496,0,500,0.0,0.992,0.008000000000000007,1.0,0.0,0.992,0.496,0.504
5.186802543022395e-09,5,495,0,500,0.0,0.99,0.010000000000000009,1.0,0.0,0.99,0.495,0.505
5.280998305323692e-09,6,494,0,500,0.0,0.988,0.01200000000000001,1.0,0.0,0.988,0.494,0.506
7.634313625715095e-09,7,493,0,500,0.0,0.986,0.014000000000000012,1.0,0.0,0.986,0.493,0.507
2.0486439211708785e-08,8,492,0,500,0.0,0.984,0.016000000000000014,1.0,0.0,0.984,0.492,0.508
2.5573175577164875e-08,9,491,0,500,0.0,0.982,0.018000000000000016,1.0,0.0,0.982,0.491,0.509
2.746313221280161e-08,10,490,0,500,0.0,0.98,0.020000000000000018,1.0,0.0,0.98,0.49,0.51
3.595434350245341e-08,11,489,0,500,0.0,0.978,0.02200000000000002,1.0,0.0,0.978,0.489,0.511
3.883833699092065e-08,12,488,0,500,0.0,0.976,0.02400000000000002,1.0,0.0,0.976,0.488,0.512
4.1869647304793034e-08,13,487,0,500,0.0,0.974,0.026000000000000023,1.0,0.0,0.974,0.487,0.513
4.372479267544804e-08,14,486,0,500,0.0,0.972,0.028000000000000025,1.0,0.0,0.972,0.486,0.514
4.507629469685526e-08,15,485,0,500,0.0,0.97,0.030000000000000027,1.0,0.0,0.97,0.485,0.515
4.605916004152277e-08,16,484,0,500,0.0,0.968,0.03200000000000003,1.0,0.0,0.968,0.484,0.516
6.737221980301911e-08,17,483,0,500,0.0,0.966,0.03400000000000003,1.0,0.0,0.966,0.483,0.517
6.899964688500404e-08,18,482,0,500,0.0,0.964,0.03600000000000003,1.0,0.0,0.964,0.482,0.518
7.274081070818283e-08,19,481,0,500,0.0,0.962,0.038000000000000034,1.0,0.0,0.962,0.481,0.519
7.67956152003535e-08,20,480,0,500,0.0,0.96,0.040000000000000036,1.0,0.0,0.96,0.48,0.52
8.670670581523154e-08,21,479,0,500,0.0,0.958,0.04200000000000004,1.0,0.0,0.958,0.479,0.521
9.40646742719764e-08,22,478,0,500,0.0,0.956,0.04400000000000004,1.0,0.0,0.956,0.478,0.522
9.681469492761607e-08,23,477,0,500,0.0,0.954,0.04600000000000004,1.0,0.0,0.954,0.477,0.523
1.0601100086660153e-07,24,476,0,500,0.0,0.952,0.04800000000000004,1.0,0.0,0.952,0.476,0.524
1.1930873711207823e-07,25,475,0,500,0.0,0.95,0.050000000000000044,1.0,0.0,0.95,0.475,0.525
1.3368929785428918e-07,26,474,0,500,0.0,0.948,0.052000000000000046,1.0,0.0,0.948,0.474,0.526
1.6245543577042554e-07,27,473,0,500,0.0,0.946,0.05400000000000005,1.0,0.0,0.946,0.473,0.527
1.8110388566583424e-07,28,472,0,500,0.0,0.944,0.05600000000000005,1.0,0.0,0.944,0.472,0.528
1.9105759463400318e-07,29,471,0,500,0.0,0.942,0.05800000000000005,1.0,0.0,0.942,0.471,0.529
1.9111899973722757e-07,30,470,0,500,0.0,0.94,0.06000000000000005,1.0,0.0,0.94,0.47,0.53
2.08416324198879e-07,31,469,0,500,0.0,0.938,0.062000000000000055,1.0,0.0,0.938,0.469,0.531
2.1841798059085704e-07,32,468,0,500,0.0,0.936,0.06399999999999995,1.0,0.0,0.936,0.468,0.532
2.228944140370004e-07,33,467,0,500,0.0,0.934,0.06599999999999995,1.0,0.0,0.934,0.467,0.533
2.2305283664536546e-07,34,466,0,500,0.0,0.932,0.06799999999999995,1.0,0.0,0.932,0.466,0.534
2.3087983436198556e-07,35,465,0,500,0.0,0.93,0.06999999999999995,1.0,0.0,0.93,0.465,0.535
2.3224788492370863e-07,36,464,0,500,0.0,0.928,0.07199999999999995,1.0,0.0,0.928,0.464,0.536
2.3580697927627625e-07,37,463,0,500,0.0,0.926,0.07399999999999995,1.0,0.0,0.926,0.463,0.537
2.391296618498018e-07,38,462,0,500,0.0,0.924,0.07599999999999996,1.0,0.0,0.924,0.462,0.538
2.4502372752976953e-07,39,461,0,500,0.0,0.922,0.07799999999999996,1.0,0.0,0.922,0.461,0.539
2.679681188055838e-07,40,460,0,500,0.0,0.92,0.07999999999999996,1.0,0.0,0.92,0.46,0.54
2.738797206802701e-07,41,459,0,500,0.0,0.918,0.08199999999999996,1.0,0.0,0.918,0.459,0.541
2.9175566851336043e-07,42,458,0,500,0.0,0.916,0.08399999999999996,1.0,0.0,0.916,0.458,0.542
3.4757405842356093e-07,43,457,0,500,0.0,0.914,0.08599999999999997,1.0,0.0,0.914,0.457,0.543
3.492560267659428e-07,44,456,0,500,0.0,0.912,0.08799999999999997,1.0,0.0,0.912,0.456,0.544
3.710726730332681e-07,45,455,0,500,0.0,0.91,0.08999999999999997,1.0,0.0,0.91,0.455,0.545
4.3066569332950166e-07,46,454,0,500,0.0,0.908,0.09199999999999997,1.0,0.0,0.908,0.454,0.546
4.322993163441424e-07,47,453,0,500,0.0,0.906,0.09399999999999997,1.0,0.0,0.906,0.453,0.547
4.7000304448374663e-07,48,452,0,500,0.0,0.904,0.09599999999999997,1.0,0.0,0.904,0.452,0.548
4.7069744368855027e-07,49,451,0,500,0.0,0.902,0.09799999999999998,1.0,0.0,0.902,0.451,0.549
4.797871042683255e-07,50,450,0,500,0.0,0.9,0.09999999999999998,1.0,0.0,0.9,0.45,0.55
4.810548830391781e-07,51,449,0,500,0.0,0.898,0.10199999999999998,1.0,0.0,0.898,0.449,0.551
4.889813567388046e-07,52,448,0,500,0.0,0.896,0.10399999999999998,1.0,0.0,0.896,0.448,0.552
5.327666485754889e-07,53,447,0,500,0.0,0.894,0.10599999999999998,1.0,0.0,0.894,0.447,0.553
5.512364396054181e-07,54,446,0,500,0.0,0.892,0.10799999999999998,1.0,0.0,0.892,0.446,0.554
5.66624294151552e-07,55,445,0,500,0.0,0.89,0.10999999999999999,1.0,0.0,0.89,0.445,0.555
5.702177645616757e-07,56,444,0,500,0.0,0.888,0.11199999999999999,1.0,0.0,0.888,0.444,0.556
5.793454533886688e-07,57,443,0,500,0.0,0.886,0.11399999999999999,1.0,0.0,0.886,0.443,0.557
6.169595394567295e-07,58,442,0,500,0.0,0.884,0.11599999999999999,1.0,0.0,0.884,0.442,0.558
6.573125688191794e-07,59,441,0,500,0.0,0.882,0.118,1.0,0.0,0.882,0.441,0.559
6.679159127997991e-07,60,440,0,500,0.0,0.88,0.12,1.0,0.0,0.88,0.44,0.56
6.846287305961596e-07,61,439,0,500,0.0,0.878,0.122,1.0,0.0,0.878,0.439,0.561
7.289308996405452e-07,62,438,0,500,0.0,0.876,0.124,1.0,0.0,0.876,0.438,0.562
7.408089572891186e-07,63,437,0,500,0.0,0.874,0.126,1.0,0.0,0.874,0.437,0.563
7.717797529949166e-07,64,436,0,500,0.0,0.872,0.128,1.0,0.0,0.872,0.436,0.564
8.09186929018324e-07,65,435,0,500,0.0,0.87,0.13,1.0,0.0,0.87,0.435,0.565
8.494371286360547e-07,66,434,0,500,0.0,0.868,0.132,1.0,0.0,0.868,0.434,0.566
9.009621635414078e-07,67,433,0,500,0.0,0.866,0.134,1.0,0.0,0.866,0.433,0.567
9.03957129594346e-07,68,432,0,500,0.0,0.864,0.136,1.0,0.0,0.864,0.432,0.568
9.770528777153231e-07,69,431,0,500,0.0,0.862,0.138,1.0,0.0,0.862,0.431,0.569
9.95390905700333e-07,70,430,0,500,0.0,0.86,0.14,1.0,0.0,0.86,0.43,0.57
1.0017064369094442e-06,71,429,0,500,0.0,0.858,0.14200000000000002,1.0,0.0,0.858,0.429,0.571
1.063488525687717e-06,72,428,0,500,0.0,0.856,0.14400000000000002,1.0,0.0,0.856,0.428,0.572
1.1354716207279125e-06,73,427,0,500,0.0,0.854,0.14600000000000002,1.0,0.0,0.854,0.427,0.573
1.1540039395185886e-06,74,426,0,500,0.0,0.852,0.14800000000000002,1.0,0.0,0.852,0.426,0.574
1.1677084330585785e-06,75,425,0,500,0.0,0.85,0.15000000000000002,1.0,0.0,0.85,0.425,0.575
1.2034238352498505e-06,76,424,0,500,0.0,0.848,0.15200000000000002,1.0,0.0,0.848,0.424,0.576
1.2473333299567457e-06,77,423,0,500,0.0,0.846,0.15400000000000003,1.0,0.0,0.846,0.423,0.577
1.2538164355646586e-06,78,422,0,500,0.0,0.844,0.15600000000000003,1.0,0.0,0.844,0.422,0.578
1.3062666539553902e-06,79,421,0,500,0.0,0.842,0.15800000000000003,1.0,0.0,0.842,0.421,0.579
1.3304219237397774e-06,80,420,0,500,0.0,0.84,0.16000000000000003,1.0,0.0,0.84,0.42,0.58
1.383561084367102e-06,81,419,0,500,0.0,0.838,0.16200000000000003,1.0,0.0,0.838,0.419,0.581
1.4581283949155477e-06,82,418,0,500,0.0,0.836,0.16400000000000003,1.0,0.0,0.836,0.418,0.582
1.620424313841795e-06,83,417,0,500,0.0,0.834,0.16600000000000004,1.0,0.0,0.834,0.417,0.583
1.6405622318416135e-06,84,416,0,500,0.0,0.832,0.16800000000000004,1.0,0.0,0.832,0.416,0.584
1.6827696072141407e-06,85,415,0,500,0.0,0.83,0.17000000000000004,1.0,0.0,0.83,0.415,0.585
1.82547796612198e-06,86,414,0,500,0.0,0.828,0.17200000000000004,1.0,0.0,0.828,0.414,0.586
1.9095443803962553e-06,87,413,0,500,0.0,0.826,0.17400000000000004,1.0,0.0,0.826,0.413,0.587
1.9160183910571504e-06,88,412,0,500,0.0,0.824,0.17600000000000005,1.0,0.0,0.824,0.412,0.588
1.918572934300755e-06,88,412,1,499,0.002,0.824,0.17600000000000005,0.998,0.002,0.824,0.413,0.587
1.971181973203784e-06,89,411,1,499,0.002,0.822,0.17800000000000005,0.998,0.002,0.822,0.412,0.588
2.375264330112259e-06,90,410,1,499,0.002,0.82,0.18000000000000005,0.998,0.002,0.82,0.411,0.589
2.419656084384769e-06,91,409,1,499,0.002,0.818,0.18200000000000005,0.998,0.002,0.818,0.41,0.59
2.4518367354176007e-06,92,408,1,499,0.002,0.816,0.18400000000000005,0.998,0.002,0.816,0.409,0.591
2.479498789398349e-06,93,407,1,499,0.002,0.814,0.18600000000000005,0.998,0.002,0.814,0.408,0.592
2.675942369023687e-06,94,406,1,499,0.002,0.812,0.18799999999999994,0.998,0.002,0.812,0.40700000000000003,0.593
2.708598231038195e-06,95,405,1,499,0.002,0.81,0.18999999999999995,0.998,0.002,0.81,0.406,0.594
2.8472268240875565e-06,96,404,1,499,0.002,0.808,0.19199999999999995,0.998,0.002,0.808,0.405,0.595
2.926037723227637e-06,97,403,1,499,0.002,0.806,0.19399999999999995,0.998,0.002,0.806,0.404,0.596
3.0519574920617742e-06,98,402,1,499,0.002,0.804,0.19599999999999995,0.998,0.002,0.804,0.403,0.597
3.3825217542471364e-06,99,401,1,499,0.002,0.802,0.19799999999999995,0.998,0.002,0.802,0.402,0.598
3.470958063189755e-06,100,400,1,499,0.002,0.8,0.19999999999999996,0.998,0.002,0.8,0.401,0.599
3.492201358312741e-06,101,399,1,499,0.002,0.798,0.20199999999999996,0.998,0.002,0.798,0.4,0.6
3.4965137274411973e-06,102,398,1,499,0.002,0.796,0.20399999999999996,0.998,0.002,0.796,0.399,0.601
3.5026112072955584e-06,103,397,1,499,0.002,0.794,0.20599999999999996,0.998,0.002,0.794,0.398,0.602
3.5273696994408965e-06,104,396,1,499,0.002,0.792,0.20799999999999996,0.998,0.002,0.792,0.397,0.603
4.1050288928090595e-06,105,395,1,499,0.002,0.79,0.20999999999999996,0.998,0.002,0.79,0.396,0.604
4.384138719615294e-06,106,394,1,499,0.002,0.788,0.21199999999999997,0.998,0.002,0.788,0.395,0.605
4.517438355833292e-06,107,393,1,499,0.002,0.786,0.21399999999999997,0.998,0.002,0.786,0.394,0.606
4.546937816485297e-06,108,392,1,499,0.002,0.784,0.21599999999999997,0.998,0.002,0.784,0.393,0.607
4.606690254149726e-06,109,391,1,499,0.002,0.782,0.21799999999999997,0.998,0.002,0.782,0.392,0.608
4.954562882630853e-06,110,390,1,499,0.002,0.78,0.21999999999999997,0.998,0.002,0.78,0.391,0.609
5.006988430977799e-06,111,389,1,499,0.002,0.778,0.22199999999999998,0.998,0.002,0.778,0.39,0.61
5.014218459109543e-06,112,388,1,499,0.002,0.776,0.22399999999999998,0.998,0.002,0.776,0.389,0.611
5.031348337070085e-06,113,387,1,499,0.002,0.774,0.22599999999999998,0.998,0.002,0.774,0.388,0.612
5.043126748205395e-06,114,386,1,499,0.002,0.772,0.22799999999999998,0.998,0.002,0.772,0.387,0.613
5.130777481099358e-06,115,385,1,499,0.002,0.77,0.22999999999999998,0.998,0.002,0.77,0.386,0.614
5.446099294204032e-06,116,384,1,499,0.002,0.768,0.23199999999999998,0.998,0.002,0.768,0.385,0.615
5.465668436954729e-06,117,383,1,499,0.002,0.766,0.23399999999999999,0.998,0.002,0.766,0.384,0.616
5.489850536832819e-06,118,382,1,499,0.002,0.764,0.236,0.998,0.002,0.764,0.383,0.617
5.548320132220397e-06,119,381,1,499,0.002,0.762,0.238,0.998,0.002,0.762,0.382,0.618
5.770698408014141e-06,120,380,1,499,0.002,0.76,0.24,0.998,0.002,0.76,0.381,0.619
5.79935340283555e-06,121,379,1,499,0.002,0.758,0.242,0.998,0.002,0.758,0.38,0.62
6.177605882839998e-06,121,379,2,498,0.004,0.758,0.242,0.996,0.004,0.758,0.381,0.619
6.447259238484548e-06,122,378,2,498,0.004,0.756,0.244,0.996,0.004,0.756,0.38,0.62
6.4793612182256766e-06,123,377,2,498,0.004,0.754,0.246,0.996,0.004,0.754,0.379,0.621
6.68043458063039e-06,124,376,2,498,0.004,0.752,0.248,0.996,0.004,0.752,0.378,0.622
6.765707439626567e-06,125,375,2,498,0.004,0.75,0.25,0.996,0.004,0.75,0.377,0.623
7.000232017162489e-06,126,374,2,498,0.004,0.748,0.252,0.996,0.004,0.748,0.376,0.624
7.0621836130158044e-06,127,373,2,498,0.004,0.746,0.254,0.996,0.004,0.746,0.375,0.625
7.067425485729473e-06,128,372,2,498,0.004,0.744,0.256,0.996,0.004,0.744,0.374,0.626
7.414793344651116e-06,129,371,2,498,0.004,0.742,0.258,0.996,0.004,0.742,0.373,0.627
7.4993558882852085e-06,130,370,2,498,0.004,0.74,0.26,0.996,0.004,0.74,0.372,0.628
7.650527550140396e-06,131,369,2,498,0.004,0.738,0.262,0.996,0.004,0.738,0.371,0.629
7.766685484966729e-06,132,368,2,498,0.004,0.736,0.264,0.996,0.004,0.736,0.37,0.63
7.966022167238407e-06,133,367,2,498,0.004,0.734,0.266,0.996,0.004,0.734,0.369,0.631
8.022936526685953e-06,134,366,2,498,0.004,0.732,0.268,0.996,0.004,0.732,0.368,0.632
8.041442015382927e-06,135,365,2,498,0.004,0.73,0.27,0.996,0.004,0.73,0.367,0.633
8.158172931871377e-06,136,364,2,498,0.004,0.728,0.272,0.996,0.004,0.728,0.366,0.634
8.287481250590645e-06,137,363,2,498,0.004,0.726,0.274,0.996,0.004,0.726,0.365,0.635
8.442984835710377e-06,137,363,3,497,0.006,0.726,0.274,0.994,0.006,0.726,0.366,0.634
8.764782251091674e-06,138,362,3,497,0.006,0.724,0.276,0.994,0.006,0.724,0.365,0.635
9.300491910835262e-06,139,361,3,497,0.006,0.722,0.278,0.994,0.006,0.722,0.364,0.636
9.320915523858275e-06,140,360,3,497,0.006,0.72,0.28,0.994,0.006,0.72,0.363,0.637
9.465872608416248e-06,141,359,3,497,0.006,0.718,0.28200000000000003,0.994,0.006,0.718,0.362,0.638
9.533292541163974e-06,142,358,3,497,0.006,0.716,0.28400000000000003,0.994,0.006,0.716,0.361,0.639
9.952866093954071e-06,142,358,4,496,0.008,0.716,0.28400000000000003,0.992,0.008,0.716,0.362,0.638
1.0344453585275915e-05,143,357,4,496,0.008,0.714,0.28600000000000003,0.992,0.008,0.714,0.361,0.639
1.0607966942188796e-05,144,356,4,496,0.008,0.712,0.28800000000000003,0.992,0.008,0.712,0.36,0.64
1.0914271115325391e-05,145,355,4,496,0.008,0.71,0.29000000000000004,0.992,0.008,0.71,0.359,0.641
1.094253639166709e-05,146,354,4,496,0.008,0.708,0.29200000000000004,0.992,0.008,0.708,0.358,0.642
1.1686771358654369e-05,147,353,4,496,0.008,0.706,0.29400000000000004,0.992,0.008,0.706,0.357,0.643
1.194905325974105e-05,148,352,4,496,0.008,0.704,0.29600000000000004,0.992,0.008,0.704,0.356,0.644
1.2500705452112015e-05,149,351,4,496,0.008,0.702,0.29800000000000004,0.992,0.008,0.702,0.355,0.645
1.2790828805009369e-05,150,350,4,496,0.008,0.7,0.30000000000000004,0.992,0.008,0.7,0.354,0.646
1.2999476894037798e-05,151,349,4,496,0.008,0.698,0.30200000000000005,0.992,0.008,0.698,0.353,0.647
1.3141237104719039e-05,152,348,4,496,0.008,0.696,0.30400000000000005,0.992,0.008,0.696,0.352,0.648
1.3423557902569883e-05,153,347,4,496,0.008,0.694,0.30600000000000005,0.992,0.008,0.694,0.351,0.649
1.3944460988568608e-05,154,346,4,496,0.008,0.692,0.30800000000000005,0.992,0.008,0.692,0.35,0.65
1.4045761417946778e-05,155,345,4,496,0.008,0.69,0.31000000000000005,0.992,0.008,0.69,0.349,0.651
1.4845726582279895e-05,156,344,4,496,0.008,0.688,0.31200000000000006,0.992,0.008,0.688,0.348,0.652
1.4879617083352059e-05,157,343,4,496,0.008,0.686,0.31399999999999995,0.992,0.008,0.686,0.34700000000000003,0.653
1.5139538845687639e-05,158,342,4,496,0.008,0.684,0.31599999999999995,0.992,0.008,0.684,0.34600000000000003,0.654
1.5280398656614125e-05,159,341,4,496,0.008,0.682,0.31799999999999995,0.992,0.008,0.682,0.34500000000000003,0.655
1.577559669385664e-05,160,340,4,496,0.008,0.68,0.31999999999999995,0.992,0.008,0.68,0.34400000000000003,0.656
1.6690562915755436e-05,161,339,4,496,0.008,0.678,0.32199999999999995,0.992,0.008,0.678,0.343,0.657
1.6980500731733628e-05,162,338,4,496,0.008,0.676,0.32399999999999995,0.992,0.008,0.676,0.342,0.658
1.7201331502292305e-05,163,337,4,496,0.008,0.674,0.32599999999999996,0.992,0.008,0.674,0.341,0.659
1.7302991182077676e-05,163,337,5,495,0.01,0.674,0.32599999999999996,0.99,0.01,0.674,0.342,0.658
1.7431031665182672e-05,164,336,5,495,0.01,0.672,0.32799999999999996,0.99,0.01,0.672,0.341,0.659
1.7699381714919582e-05,165,335,5,495,0.01,0.67,0.32999999999999996,0.99,0.01,0.67,0.34,0.66
1.8022132280748338e-05,166,334,5,495,0.01,0.668,0.33199999999999996,0.99,0.01,0.668,0.339,0.661
1.8041717339656316e-05,167,333,5,495,0.01,0.666,0.33399999999999996,0.99,0.01,0.666,0.338,0.662
1.809948298614472e-05,168,332,5,495,0.01,0.664,0.33599999999999997,0.99,0.01,0.664,0.337,0.663
1.837731724663172e-05,169,331,5,495,0.01,0.662,0.33799999999999997,0.99,0.01,0.662,0.336,0.664
1.885338315332774e-05,169,331,6,494,0.012,0.662,0.33799999999999997,0.988,0.012,0.662,0.337,0.663
1.9311588403070346e-05,170,330,6,494,0.012,0.66,0.33999999999999997,0.988,0.012,0.66,0.336,0.664
1.9703138605109416e-05,171,329,6,494,0.012,0.658,0.34199999999999997,0.988,0.012,0.658,0.335,0.665
2.0036402929690666e-05,172,328,6,494,0.012,0.656,0.344,0.988,0.012,0.656,0.334,0.666
2.0219771613483317e-05,173,327,6,494,0.012,0.654,0.346,0.988,0.012,0.654,0.333,0.667
2.1033463781350292e-05,174,326,6,494,0.012,0.652,0.348,0.988,0.012,0.652,0.332,0.668
2.1088615540065803e-05,175,325,6,494,0.012,0.65,0.35,0.988,0.012,0.65,0.331,0.669
2.1619367544190027e-05,176,324,6,494,0.012,0.648,0.352,0.988,0.012,0.648,0.33,0.67
2.2338490452966653e-05,177,323,6,494,0.012,0.646,0.354,0.988,0.012,0.646,0.329,0.671
2.5165807528537698e-05,177,323,7,493,0.014,0.646,0.354,0.986,0.014,0.646,0.33,0.67
2.5378738428116776e-05,178,322,7,493,0.014,0.644,0.356,0.986,0.014,0.644,0.329,0.671
2.5403920517419465e-05,180,320,7,493,0.014,0.64,0.36,0.986,0.014,0.64,0.327,0.673
2.5691257178550586e-05,181,319,7,493,0.014,0.638,0.362,0.986,0.014,0.638,0.326,0.674
2.626510467962362e-05,182,318,7,493,0.014,0.636,0.364,0.986,0.014,0.636,0.325,0.675
2.7202966521144845e-05,183,317,7,493,0.014,0.634,0.366,0.986,0.014,0.634,0.324,0.676
2.7499660063767806e-05,184,316,7,493,0.014,0.632,0.368,0.986,0.014,0.632,0.323,0.677
2.7706009859684855e-05,185,315,7,493,0.014,0.63,0.37,0.986,0.014,0.63,0.322,0.678
2.8025238862028345e-05,186,314,7,493,0.014,0.628,0.372,0.986,0.014,0.628,0.321,0.679
2.9258784707053564e-05,187,313,7,493,0.014,0.626,0.374,0.986,0.014,0.626,0.32,0.68
2.946152562799398e-05,187,313,8,492,0.016,0.626,0.374,0.984,0.016,0.626,0.321,0.679
2.97256246994948e-05,188,312,8,492,0.016,0.624,0.376,0.984,0.016,0.624,0.32,0.68
3.0781175155425444e-05,189,311,8,492,0.016,0.622,0.378,0.984,0.016,0.622,0.319,0.681
3.08735434373375e-05,190,310,8,492,0.016,0.62,0.38,0.984,0.016,0.62,0.318,0.682
3.164357622154057e-05,191,309,8,492,0.016,0.618,0.382,0.984,0.016,0.618,0.317,0.683
3.4018394217127934e-05,192,308,8,492,0.016,0.616,0.384,0.984,0.016,0.616,0.316,0.684
3.513504998409189e-05,192,308,9,491,0.018,0.616,0.384,0.982,0.018,0.616,0.317,0.683
3.529140667524189e-05,193,307,9,491,0.018,0.614,0.386,0.982,0.018,0.614,0.316,0.684
3.543097773217596e-05,194,306,9,491,0.018,0.612,0.388,0.982,0.018,0.612,0.315,0.685
3.705961353261955e-05,195,305,9,491,0.018,0.61,0.39,0.982,0.018,0.61,0.314,0.686
3.7123143556527793e-05,196,304,9,491,0.018,0.608,0.392,0.982,0.018,0.608,0.313,0.687
3.7232093745842576e-05,197,303,9,491,0.018,0.606,0.394,0.982,0.018,0.606,0.312,0.688
3.761954212677665e-05,197,303,10,490,0.02,0.606,0.394,0.98,0.02,0.606,0.313,0.687
3.9752798329573125e-05,198,302,10,490,0.02,0.604,0.396,0.98,0.02,0.604,0.312,0.688
4.0250644815387204e-05,199,301,10,490,0.02,0.602,0.398,0.98,0.02,0.602,0.311,0.689
4.055549652548507e-05,200,300,10,490,0.02,0.6,0.4,0.98,0.02,0.6,0.31,0.69
4.1864605009322986e-05,201,299,10,490,0.02,0.598,0.402,0.98,0.02,0.598,0.309,0.691
4.37726775999181e-05,202,298,10,490,0.02,0.596,0.404,0.98,0.02,0.596,0.308,0.692
4.415604780660942e-05,203,297,10,490,0.02,0.594,0.406,0.98,0.02,0.594,0.307,0.693
4.624953362508677e-05,204,296,10,490,0.02,0.592,0.40800000000000003,0.98,0.02,0.592,0.306,0.694
4.8361136578023434e-05,205,295,10,490,0.02,0.59,0.41000000000000003,0.98,0.02,0.59,0.305,0.695
5.017883449909277e-05,206,294,10,490,0.02,0.588,0.41200000000000003,0.98,0.02,0.588,0.304,0.696
5.03850715176668e-05,207,293,10,490,0.02,0.586,0.41400000000000003,0.98,0.02,0.586,0.303,0.697
5.1690745749510825e-05,208,292,10,490,0.02,0.584,0.41600000000000004,0.98,0.02,0.584,0.302,0.698
5.1814222388202325e-05,209,291,10,490,0.02,0.582,0.41800000000000004,0.98,0.02,0.582,0.301,0.699
5.29270910192281e-05,209,291,11,489,0.022,0.582,0.41800000000000004,0.978,0.022,0.582,0.302,0.698
5.320805939845741e-05,210,290,11,489,0.022,0.58,0.42000000000000004,0.978,0.022,0.58,0.301,0.699
5.40579785592854e-05,211,289,11,489,0.022,0.578,0.42200000000000004,0.978,0.022,0.578,0.3,0.7
5.458927626023069e-05,212,288,11,489,0.022,0.576,0.42400000000000004,0.978,0.022,0.576,0.299,0.701
5.5795462685637176e-05,213,287,11,489,0.022,0.574,0.42600000000000005,0.978,0.022,0.574,0.298,0.702
5.6522938393754885e-05,214,286,11,489,0.022,0.572,0.42800000000000005,0.978,0.022,0.572,0.297,0.703
5.764395245932974e-05,215,285,11,489,0.022,0.57,0.43000000000000005,0.978,0.022,0.57,0.296,0.704
5.890729516977444e-05,216,284,11,489,0.022,0.568,0.43200000000000005,0.978,0.022,0.568,0.295,0.705
5.939454058534466e-05,217,283,11,489,0.022,0.566,0.43400000000000005,0.978,0.022,0.566,0.294,0.706
6.0915663198102266e-05,218,282,11,489,0.022,0.564,0.43600000000000005,0.978,0.022,0.564,0.293,0.707
6.182827928569168e-05,219,281,11,489,0.022,0.562,0.43799999999999994,0.978,0.022,0.562,0.29200000000000004,0.708
6.412748189177364e-05,220,280,11,489,0.022,0.56,0.43999999999999995,0.978,0.022,0.56,0.29100000000000004,0.709
6.450325599871576e-05,221,279,11,489,0.022,0.558,0.44199999999999995,0.978,0.022,0.558,0.29000000000000004,0.71
6.615072925342247e-05,221,279,12,488,0.024,0.558,0.44199999999999995,0.976,0.024,0.558,0.29100000000000004,0.709
6.689732981612906e-05,222,278,12,488,0.024,0.556,0.44399999999999995,0.976,0.024,0.556,0.29000000000000004,0.71
6.735532952006906e-05,223,277,12,488,0.024,0.554,0.44599999999999995,0.976,0.024,0.554,0.28900000000000003,0.711
6.799338734708726e-05,224,276,12,488,0.024,0.552,0.44799999999999995,0.976,0.024,0.552,0.28800000000000003,0.712
6.859887798782438e-05,225,275,12,488,0.024,0.55,0.44999999999999996,0.976,0.024,0.55,0.28700000000000003,0.713
7.011352863628417e-05,225,275,13,487,0.026,0.55,0.44999999999999996,0.974,0.026,0.55,0.28800000000000003,0.712
7.060802454361692e-05,226,274,13,487,0.026,0.548,0.45199999999999996,0.974,0.026,0.548,0.28700000000000003,0.713
7.115918560884893e-05,227,273,13,487,0.026,0.546,0.45399999999999996,0.974,0.026,0.546,0.28600000000000003,0.714
7.144353730836883e-05,228,272,13,487,0.026,0.544,0.45599999999999996,0.974,0.026,0.544,0.28500000000000003,0.715
7.304557220777497e-05,229,271,13,487,0.026,0.542,0.45799999999999996,0.974,0.026,0.542,0.28400000000000003,0.716
7.362860924331471e-05,230,270,13,487,0.026,0.54,0.45999999999999996,0.974,0.026,0.54,0.28300000000000003,0.717
7.369914965238422e-05,231,269,13,487,0.026,0.538,0.46199999999999997,0.974,0.026,0.538,0.28200000000000003,0.718
7.378929876722395e-05,232,268,13,487,0.026,0.536,0.46399999999999997,0.974,0.026,0.536,0.281,0.719
7.52293344703503e-05,233,267,13,487,0.026,0.534,0.46599999999999997,0.974,0.026,0.534,0.28,0.72
7.603588164784014e-05,234,266,13,487,0.026,0.532,0.46799999999999997,0.974,0.026,0.532,0.279,0.721
7.663358701393008e-05,235,265,13,487,0.026,0.53,0.47,0.974,0.026,0.53,0.278,0.722
7.798956357873976e-05,236,264,13,487,0.026,0.528,0.472,0.974,0.026,0.528,0.277,0.723
7.832331175450236e-05,237,263,13,487,0.026,0.526,0.474,0.974,0.026,0.526,0.276,0.724
7.931218715384603e-05,238,262,13,487,0.026,0.524,0.476,0.974,0.026,0.524,0.275,0.725
8.23777518235147e-05,238,262,14,486,0.028,0.524,0.476,0.972,0.028,0.524,0.276,0.724
8.40048523969017e-05,239,261,14,486,0.028,0.522,0.478,0.972,0.028,0.522,0.275,0.725
8.425017585977912e-05,240,260,14,486,0.028,0.52,0.48,0.972,0.028,0.52,0.274,0.726
8.455086208414286e-05,241,259,14,486,0.028,0.518,0.482,0.972,0.028,0.518,0.273,0.727
8.66880000103265e-05,242,258,14,486,0.028,0.516,0.484,0.972,0.028,0.516,0.272,0.728
9.263279935112223e-05,243,257,14,486,0.028,0.514,0.486,0.972,0.028,0.514,0.271,0.729
9.276901982957497e-05,244,256,14,486,0.028,0.512,0.488,0.972,0.028,0.512,0.27,0.73
9.321150719188154e-05,244,256,15,485,0.03,0.512,0.488,0.97,0.03,0.512,0.271,0.729
9.43952618399635e-05,245,255,15,485,0.03,0.51,0.49,0.97,0.03,0.51,0.27,0.73
9.96442831819877e-05,246,254,15,485,0.03,0.508,0.492,0.97,0.03,0.508,0.269,0.731
0.00010247178579447791,247,253,15,485,0.03,0.506,0.494,0.97,0.03,0.506,0.268,0.732
0.00010270587517879903,248,252,15,485,0.03,0.504,0.496,0.97,0.03,0.504,0.267,0.733
0.00010542655945755541,249,251,15,485,0.03,0.502,0.498,0.97,0.03,0.502,0.266,0.734
0.0001125774288084358,250,250,15,485,0.03,0.5,0.5,0.97,0.03,0.5,0.265,0.735
0.0001137142680818215,250,250,16,484,0.032,0.5,0.5,0.968,0.032,0.5,0.266,0.734
0.0001159359235316515,251,249,16,484,0.032,0.498,0.502,0.968,0.032,0.498,0.265,0.735
0.00011691176041495055,252,248,16,484,0.032,0.496,0.504,0.968,0.032,0.496,0.264,0.736
0.00012172085553174838,253,247,16,484,0.032,0.494,0.506,0.968,0.032,0.494,0.263,0.737
0.00012181234342278913,254,246,16,484,0.032,0.492,0.508,0.968,0.032,0.492,0.262,0.738
0.00012581217742990702,255,245,16,484,0.032,0.49,0.51,0.968,0.032,0.49,0.261,0.739
0.0001282803132198751,255,245,17,483,0.034,0.49,0.51,0.966,0.034,0.49,0.262,0.738
0.00012886991316918284,256,244,17,483,0.034,0.488,0.512,0.966,0.034,0.488,0.261,0.739
0.00013151636812835932,257,243,17,483,0.034,0.486,0.514,0.966,0.034,0.486,0.26,0.74
0.00013495184248313308,258,242,17,483,0.034,0.484,0.516,0.966,0.034,0.484,0.259,0.741
0.00013765438052359968,259,241,17,483,0.034,0.482,0.518,0.966,0.034,0.482,0.258,0.742
0.0001388917735312134,260,240,17,483,0.034,0.48,0.52,0.966,0.034,0.48,0.257,0.743
0.00014143792213872075,261,239,17,483,0.034,0.478,0.522,0.966,0.034,0.478,0.256,0.744
0.00015025345783215016,262,238,17,483,0.034,0.476,0.524,0.966,0.034,0.476,0.255,0.745
0.00015151247498579323,263,237,17,483,0.034,0.474,0.526,0.966,0.034,0.474,0.254,0.746
0.00015281495871022344,264,236,17,483,0.034,0.472,0.528,0.966,0.034,0.472,0.253,0.747
0.0001547142310300842,265,235,17,483,0.034,0.47,0.53,0.966,0.034,0.47,0.252,0.748
0.00015768867160659283,266,234,17,483,0.034,0.468,0.532,0.966,0.034,0.468,0.251,0.749
0.0001612732303328812,267,233,17,483,0.034,0.466,0.534,0.966,0.034,0.466,0.25,0.75
0.0001631601044209674,268,232,17,483,0.034,0.464,0.536,0.966,0.034,0.464,0.249,0.751
0.0001809975365176797,269,231,17,483,0.034,0.462,0.538,0.966,0.034,0.462,0.248,0.752
0.00018471514340490103,270,230,17,483,0.034,0.46,0.54,0.966,0.034,0.46,0.247,0.753
0.00018840955453924835,271,229,17,483,0.034,0.458,0.542,0.966,0.034,0.458,0.246,0.754
0.00019215018255636096,272,228,17,483,0.034,0.456,0.544,0.966,0.034,0.456,0.245,0.755
0.00020442678942345083,273,227,17,483,0.034,0.454,0.546,0.966,0.034,0.454,0.244,0.756
0.00020848315034527332,274,226,17,483,0.034,0.452,0.548,0.966,0.034,0.452,0.243,0.757
0.0002155986294383183,275,225,17,483,0.034,0.45,0.55,0.966,0.034,0.45,0.242,0.758
0.00021650624694302678,276,224,17,483,0.034,0.448,0.552,0.966,0.034,0.448,0.241,0.759
0.00021697350894100964,277,223,17,483,0.034,0.446,0.554,0.966,0.034,0.446,0.24,0.76
0.0002183190663345158,278,222,17,483,0.034,0.444,0.556,0.966,0.034,0.444,0.239,0.761
0.0002316444442840293,279,221,17,483,0.034,0.442,0.558,0.966,0.034,0.442,0.238,0.762
0.00023407823755405843,280,220,17,483,0.034,0.44,0.56,0.966,0.034,0.44,0.237,0.763
0.0002354822208872065,281,219,17,483,0.034,0.438,0.562,0.966,0.034,0.438,0.236,0.764
0.00024206867965403944,282,218,17,483,0.034,0.436,0.5640000000000001,0.966,0.034,0.436,0.235,0.765
0.00024371685867663473,283,217,17,483,0.034,0.434,0.5660000000000001,0.966,0.034,0.434,0.23399999999999999,0.766
0.0002442327968310565,283,217,18,482,0.036,0.434,0.5660000000000001,0.964,0.036,0.434,0.235,0.765
0.0002494740765541792,284,216,18,482,0.036,0.432,0.5680000000000001,0.964,0.036,0.432,0.23399999999999999,0.766
0.0002631208626553416,285,215,18,482,0.036,0.43,0.5700000000000001,0.964,0.036,0.43,0.23299999999999998,0.767
0.0002671377151273191,285,215,19,481,0.038,0.43,0.5700000000000001,0.962,0.038,0.43,0.23399999999999999,0.766
0.00027490168577060103,286,214,19,481,0.038,0.428,0.5720000000000001,0.962,0.038,0.428,0.23299999999999998,0.767
0.00028141040820628405,287,213,19,481,0.038,0.426,0.5740000000000001,0.962,0.038,0.426,0.23199999999999998,0.768
0.00029584908043034375,288,212,19,481,0.038,0.424,0.5760000000000001,0.962,0.038,0.424,0.23099999999999998,0.769
0.0002965513849630952,289,211,19,481,0.038,0.422,0.5780000000000001,0.962,0.038,0.422,0.22999999999999998,0.77
0.0003027095226570964,290,210,19,481,0.038,0.42,0.5800000000000001,0.962,0.038,0.42,0.22899999999999998,0.771
0.00030608984525315464,291,209,19,481,0.038,0.418,0.5820000000000001,0.962,0.038,0.418,0.22799999999999998,0.772
0.0003074032429140061,291,209,20,480,0.04,0.418,0.5820000000000001,0.96,0.04,0.418,0.22899999999999998,0.771
0.00030774777405895293,292,208,20,480,0.04,0.416,0.5840000000000001,0.96,0.04,0.416,0.22799999999999998,0.772
0.0003124662325717509,293,207,20,480,0.04,0.414,0.5860000000000001,0.96,0.04,0.414,0.22699999999999998,0.773
0.0003184479719493538,294,206,20,480,0.04,0.412,0.5880000000000001,0.96,0.04,0.412,0.22599999999999998,0.774
0.00031875623972155154,294,206,21,479,0.042,0.412,0.5880000000000001,0.958,0.042,0.412,0.22699999999999998,0.773
0.0003210323047824204,295,205,21,479,0.042,0.41,0.5900000000000001,0.958,0.042,0.41,0.22599999999999998,0.774
0.0003245026746299118,296,204,21,479,0.042,0.408,0.5920000000000001,0.958,0.042,0.408,0.22499999999999998,0.775
0.00032671939698047936,297,203,21,479,0.042,0.406,0.594,0.958,0.042,0.406,0.224,0.776
0.00033697113394737244,298,202,21,479,0.042,0.404,0.596,0.958,0.042,0.404,0.223,0.777
0.0003402625734452158,299,201,21,479,0.042,0.402,0.598,0.958,0.042,0.402,0.222,0.778
0.00034188773133791983,300,200,21,479,0.042,0.4,0.6,0.958,0.042,0.4,0.221,0.779
0.0003454925899859518,301,199,21,479,0.042,0.398,0.602,0.958,0.042,0.398,0.22,0.78
0.00034916368895210326,301,199,22,478,0.044,0.398,0.602,0.956,0.044,0.398,0.221,0.779
0.00035051011946052313,302,198,22,478,0.044,0.396,0.604,0.956,0.044,0.396,0.22,0.78
0.0003791761409956962,303,197,22,478,0.044,0.394,0.606,0.956,0.044,0.394,0.219,0.781
0.00038027079426683486,304,196,22,478,0.044,0.392,0.608,0.956,0.044,0.392,0.218,0.782
0.000401835422962904,304,196,23,477,0.046,0.392,0.608,0.954,0.046,0.392,0.219,0.781
0.0004170027677901089,304,196,24,476,0.048,0.392,0.608,0.952,0.048,0.392,0.22,0.78
0.0004243351286277175,305,195,24,476,0.048,0.39,0.61,0.952,0.048,0.39,0.219,0.781
0.00043113948777318,306,194,24,476,0.048,0.388,0.612,0.952,0.048,0.388,0.218,0.782
0.00044531733146868646,307,193,24,476,0.048,0.386,0.614,0.952,0.048,0.386,0.217,0.783
0.000449011247837916,308,192,24,476,0.048,0.384,0.616,0.952,0.048,0.384,0.216,0.784
0.00045554537791758776,309,191,24,476,0.048,0.382,0.618,0.952,0.048,0.382,0.215,0.785
0.0004807846271432936,310,190,24,476,0.048,0.38,0.62,0.952,0.048,0.38,0.214,0.786
0.00048481376143172383,311,189,24,476,0.048,0.378,0.622,0.952,0.048,0.378,0.213,0.787
0.0005011176108382642,311,189,25,475,0.05,0.378,0.622,0.95,0.05,0.378,0.214,0.786
0.0005102797877043486,312,188,25,475,0.05,0.376,0.624,0.95,0.05,0.376,0.213,0.787
0.0005110966158099473,313,187,25,475,0.05,0.374,0.626,0.95,0.05,0.374,0.212,0.788
0.0005132620572112501,314,186,25,475,0.05,0.372,0.628,0.95,0.05,0.372,0.211,0.789
0.0005180318257771432,315,185,25,475,0.05,0.37,0.63,0.95,0.05,0.37,0.21,0.79
0.0005243929335847497,316,184,25,475,0.05,0.368,0.632,0.95,0.05,0.368,0.209,0.791
0.0005416914355009794,317,183,25,475,0.05,0.366,0.634,0.95,0.05,0.366,0.208,0.792
0.0005424023256637156,318,182,25,475,0.05,0.364,0.636,0.95,0.05,0.364,0.207,0.793
0.0005608470528386533,318,182,26,474,0.052,0.364,0.636,0.948,0.052,0.364,0.208,0.792
0.0005719454493373632,319,181,26,474,0.052,0.362,0.638,0.948,0.052,0.362,0.207,0.793
0.0005844403640367091,320,180,26,474,0.052,0.36,0.64,0.948,0.052,0.36,0.206,0.794
0.0006178304320201278,321,179,26,474,0.052,0.358,0.642,0.948,0.052,0.358,0.205,0.795
0.0006207278347574174,322,178,26,474,0.052,0.356,0.644,0.948,0.052,0.356,0.204,0.796
0.0006867507472634315,323,177,26,474,0.052,0.354,0.646,0.948,0.052,0.354,0.20299999999999999,0.797
0.0006897061830386519,323,177,27,473,0.054,0.354,0.646,0.946,0.054,0.354,0.204,0.796
0.0006930894451215863,324,176,27,473,0.054,0.352,0.648,0.946,0.054,0.352,0.20299999999999999,0.797
0.0007045221282169223,325,175,27,473,0.054,0.35,0.65,0.946,0.054,0.35,0.20199999999999999,0.798
0.0007073692977428436,326,174,27,473,0.054,0.348,0.652,0.946,0.054,0.348,0.20099999999999998,0.799
0.0007215256337076426,326,174,28,472,0.056,0.348,0.652,0.944,0.056,0.348,0.20199999999999999,0.798
0.0007347339414991438,327,173,28,472,0.056,0.346,0.654,0.944,0.056,0.346,0.20099999999999998,0.799
0.0007401232724078,327,173,29,471,0.058,0.346,0.654,0.942,0.058,0.346,0.20199999999999999,0.798
0.0007635760121047497,328,172,29,471,0.058,0.344,0.656,0.942,0.058,0.344,0.20099999999999998,0.799
0.0007874482544139028,329,171,29,471,0.058,0.342,0.6579999999999999,0.942,0.058,0.342,0.2,0.8
0.0008082935819402337,330,170,29,471,0.058,0.34,0.6599999999999999,0.942,0.058,0.34,0.199,0.801
0.0008274362771771848,331,169,29,471,0.058,0.338,0.6619999999999999,0.942,0.058,0.338,0.198,0.802
0.0008555125095881522,332,168,29,471,0.058,0.336,0.6639999999999999,0.942,0.058,0.336,0.197,0.803
0.0009061737800948322,333,167,29,471,0.058,0.334,0.6659999999999999,0.942,0.058,0.334,0.196,0.804
0.0009226631373167038,334,166,29,471,0.058,0.332,0.6679999999999999,0.942,0.058,0.332,0.195,0.805
0.0009437379776500165,335,165,29,471,0.058,0.33,0.6699999999999999,0.942,0.058,0.33,0.194,0.806
0.000945079664234072,336,164,29,471,0.058,0.328,0.6719999999999999,0.942,0.058,0.328,0.193,0.807
0.0009476800914853811,337,163,29,471,0.058,0.326,0.6739999999999999,0.942,0.058,0.326,0.192,0.808
0.0009503048495389521,338,162,29,471,0.058,0.324,0.6759999999999999,0.942,0.058,0.324,0.191,0.809
0.0009542788029648364,339,161,29,471,0.058,0.322,0.6779999999999999,0.942,0.058,0.322,0.19,0.81
0.0009670127183198929,340,160,29,471,0.058,0.32,0.6799999999999999,0.942,0.058,0.32,0.189,0.811
0.0009753141202963889,341,159,29,471,0.058,0.318,0.6819999999999999,0.942,0.058,0.318,0.188,0.812
0.0010133079485967755,342,158,29,471,0.058,0.316,0.6839999999999999,0.942,0.058,0.316,0.187,0.813
0.0010345525806769729,342,158,30,470,0.06,0.316,0.6839999999999999,0.94,0.06,0.316,0.188,0.812
0.0010361899621784687,343,157,30,470,0.06,0.314,0.6859999999999999,0.94,0.06,0.314,0.187,0.813
0.0010732336668297648,344,156,30,470,0.06,0.312,0.688,0.94,0.06,0.312,0.186,0.814
0.00109062937553972,345,155,30,470,0.06,0.31,0.69,0.94,0.06,0.31,0.185,0.815
0.0010949226561933756,346,154,30,470,0.06,0.308,0.692,0.94,0.06,0.308,0.184,0.816
0.0011318399338051677,347,153,30,470,0.06,0.306,0.694,0.94,0.06,0.306,0.183,0.817
0.0011448593577370048,348,152,30,470,0.06,0.304,0.696,0.94,0.06,0.304,0.182,0.818
0.0011720474576577544,349,151,30,470,0.06,0.302,0.698,0.94,0.06,0.302,0.181,0.819
0.0011741583002731204,350,150,30,470,0.06,0.3,0.7,0.94,0.06,0.3,0.18,0.82
0.0012078062864020467,351,149,30,470,0.06,0.298,0.702,0.94,0.06,0.298,0.179,0.821
0.0012188723776489496,352,148,30,470,0.06,0.296,0.704,0.94,0.06,0.296,0.178,0.822
0.0012429228518158197,353,147,30,470,0.06,0.294,0.706,0.94,0.06,0.294,0.177,0.823
0.0012560017639771104,354,146,30,470,0.06,0.292,0.708,0.94,0.06,0.292,0.176,0.824
0.0013179854722693563,355,145,30,470,0.06,0.29,0.71,0.94,0.06,0.29,0.175,0.825
0.0013443775242194533,356,144,30,470,0.06,0.288,0.712,0.94,0.06,0.288,0.174,0.826
0.0013460591435432434,357,143,30,470,0.06,0.286,0.714,0.94,0.06,0.286,0.173,0.827
0.0013963710516691208,358,142,30,470,0.06,0.284,0.716,0.94,0.06,0.284,0.172,0.828
0.0014129478950053453,359,141,30,470,0.06,0.282,0.718,0.94,0.06,0.282,0.17099999999999999,0.829
0.001448298804461956,360,140,30,470,0.06,0.28,0.72,0.94,0.06,0.28,0.17,0.83
0.0014885744312778115,361,139,30,470,0.06,0.278,0.722,0.94,0.06,0.278,0.169,0.831
0.0014937004307284951,362,138,30,470,0.06,0.276,0.724,0.94,0.06,0.276,0.168,0.832
0.0015011122450232506,363,137,30,470,0.06,0.274,0.726,0.94,0.06,0.274,0.167,0.833
0.0015220461646094918,364,136,30,470,0.06,0.272,0.728,0.94,0.06,0.272,0.166,0.834
0.0015349223976954818,365,135,30,470,0.06,0.27,0.73,0.94,0.06,0.27,0.165,0.835
0.001540250377729535,366,134,30,470,0.06,0.268,0.732,0.94,0.06,0.268,0.164,0.836
0.0016051045386120677,367,133,30,470,0.06,0.266,0.734,0.94,0.06,0.266,0.163,0.837
0.0016123518580570817,368,132,30,470,0.06,0.264,0.736,0.94,0.06,0.264,0.162,0.838
0.0016626266296952963,368,132,31,469,0.062,0.264,0.736,0.938,0.062,0.264,0.163,0.837
0.0016711312346160412,369,131,31,469,0.062,0.262,0.738,0.938,0.062,0.262,0.162,0.838
0.001703921821899712,369,131,32,468,0.064,0.262,0.738,0.9359999999999999,0.064,0.262,0.163,0.837
0.0017716543516144156,369,131,33,467,0.066,0.262,0.738,0.9339999999999999,0.066,0.262,0.164,0.836
0.001815968775190413,370,130,33,467,0.066,0.26,0.74,0.9339999999999999,0.066,0.26,0.163,0.837
0.0019418724114075303,370,130,34,466,0.068,0.26,0.74,0.9319999999999999,0.068,0.26,0.164,0.836
0.002055170712992549,371,129,34,466,0.068,0.258,0.742,0.9319999999999999,0.068,0.258,0.163,0.837
0.0020630282815545797,372,128,34,466,0.068,0.256,0.744,0.9319999999999999,0.068,0.256,0.162,0.838
0.0020800845231860876,372,128,35,465,0.07,0.256,0.744,0.9299999999999999,0.07,0.256,0.163,0.837
0.0021584650967270136,373,127,35,465,0.07,0.254,0.746,0.9299999999999999,0.07,0.254,0.162,0.838
0.002221828093752265,374,126,35,465,0.07,0.252,0.748,0.9299999999999999,0.07,0.252,0.161,0.839
0.002271544886752963,375,125,35,465,0.07,0.25,0.75,0.9299999999999999,0.07,0.25,0.16,0.84
0.002319775288924575,376,124,35,465,0.07,0.248,0.752,0.9299999999999999,0.07,0.248,0.159,0.841
0.002328455913811922,377,123,35,465,0.07,0.246,0.754,0.9299999999999999,0.07,0.246,0.158,0.842
0.0023794025182724,378,122,35,465,0.07,0.244,0.756,0.9299999999999999,0.07,0.244,0.157,0.843
0.0025431739632040262,379,121,35,465,0.07,0.242,0.758,0.9299999999999999,0.07,0.242,0.156,0.844
0.002546892501413822,380,120,35,465,0.07,0.24,0.76,0.9299999999999999,0.07,0.24,0.155,0.845
0.002613048767670989,381,119,35,465,0.07,0.238,0.762,0.9299999999999999,0.07,0.238,0.154,0.846
0.0026339979376643896,381,119,36,464,0.072,0.238,0.762,0.928,0.072,0.238,0.155,0.845
0.0026437113992869854,381,119,37,463,0.074,0.238,0.762,0.926,0.074,0.238,0.156,0.844
0.0027364345733076334,381,119,38,462,0.076,0.238,0.762,0.924,0.076,0.238,0.157,0.843
0.0027450076304376125,381,119,39,461,0.078,0.238,0.762,0.922,0.078,0.238,0.158,0.842
0.0027647886890918016,382,118,39,461,0.078,0.236,0.764,0.922,0.078,0.236,0.157,0.843
0.0027723959647119045,382,118,40,460,0.08,0.236,0.764,0.92,0.08,0.236,0.158,0.842
0.0029860965441912413,383,117,40,460,0.08,0.234,0.766,0.92,0.08,0.234,0.157,0.843
0.0031045854557305574,383,117,41,459,0.082,0.234,0.766,0.918,0.082,0.234,0.158,0.842
0.0032199916895478964,384,116,41,459,0.082,0.232,0.768,0.918,0.082,0.232,0.157,0.843
0.0032381019555032253,385,115,41,459,0.082,0.23,0.77,0.918,0.082,0.23,0.156,0.844
0.003291583387181163,386,114,41,459,0.082,0.228,0.772,0.918,0.082,0.228,0.155,0.845
0.0033317566849291325,386,114,42,458,0.084,0.228,0.772,0.916,0.084,0.228,0.156,0.844
0.003387126373127103,386,114,43,457,0.086,0.228,0.772,0.914,0.086,0.228,0.157,0.843
0.0034603376407176256,387,113,43,457,0.086,0.226,0.774,0.914,0.086,0.226,0.156,0.844
0.0034728944301605225,388,112,43,457,0.086,0.224,0.776,0.914,0.086,0.224,0.155,0.845
0.003573949448764324,389,111,43,457,0.086,0.222,0.778,0.914,0.086,0.222,0.154,0.846
0.0037120606284588575,390,110,43,457,0.086,0.22,0.78,0.914,0.086,0.22,0.153,0.847
0.0037525463849306107,391,109,43,457,0.086,0.218,0.782,0.914,0.086,0.218,0.152,0.848
0.003933990839868784,392,108,43,457,0.086,0.216,0.784,0.914,0.086,0.216,0.151,0.849
0.004066335503011942,392,108,44,456,0.088,0.216,0.784,0.912,0.088,0.216,0.152,0.848
0.00413511460646987,393,107,44,456,0.088,0.214,0.786,0.912,0.088,0.214,0.151,0.849
0.004176187328994274,394,106,44,456,0.088,0.212,0.788,0.912,0.088,0.212,0.15,0.85
0.00418001227080822,395,105,44,456,0.088,0.21,0.79,0.912,0.088,0.21,0.149,0.851
0.004532205872237682,396,104,44,456,0.088,0.208,0.792,0.912,0.088,0.208,0.148,0.852
0.0045940205454826355,397,103,44,456,0.088,0.206,0.794,0.912,0.088,0.206,0.147,0.853
0.004612605553120375,398,102,44,456,0.088,0.204,0.796,0.912,0.088,0.204,0.146,0.854
0.004841654561460018,399,101,44,456,0.088,0.202,0.798,0.912,0.088,0.202,0.14500000000000002,0.855
0.004877516999840736,400,100,44,456,0.088,0.2,0.8,0.912,0.088,0.2,0.14400000000000002,0.856
0.004896541126072407,401,99,44,456,0.088,0.198,0.802,0.912,0.088,0.198,0.14300000000000002,0.857
0.004999950062483549,401,99,45,455,0.09,0.198,0.802,0.91,0.09,0.198,0.14400000000000002,0.856
0.005095903296023607,402,98,45,455,0.09,0.196,0.804,0.91,0.09,0.196,0.14300000000000002,0.857
0.005104490090161562,403,97,45,455,0.09,0.194,0.806,0.91,0.09,0.194,0.14200000000000002,0.858
0.005126048345118761,403,97,46,454,0.092,0.194,0.806,0.908,0.092,0.194,0.14300000000000002,0.857
0.005326404701918364,404,96,46,454,0.092,0.192,0.808,0.908,0.092,0.192,0.14200000000000002,0.858
0.005350285209715366,405,95,46,454,0.092,0.19,0.81,0.908,0.092,0.19,0.14100000000000001,0.859
0.005533553659915924,406,94,46,454,0.092,0.188,0.812,0.908,0.092,0.188,0.14,0.86
0.0055838958360254765,407,93,46,454,0.092,0.186,0.8140000000000001,0.908,0.092,0.186,0.139,0.861
0.0062934644520282745,408,92,46,454,0.092,0.184,0.8160000000000001,0.908,0.092,0.184,0.138,0.862
0.0064560105092823505,409,91,46,454,0.092,0.182,0.8180000000000001,0.908,0.092,0.182,0.137,0.863
0.006650622468441725,410,90,46,454,0.092,0.18,0.8200000000000001,0.908,0.092,0.18,0.136,0.864
0.00695332046598196,411,89,46,454,0.092,0.178,0.8220000000000001,0.908,0.092,0.178,0.135,0.865
0.007196649443358183,412,88,46,454,0.092,0.176,0.8240000000000001,0.908,0.092,0.176,0.134,0.866
0.007407038472592831,413,87,46,454,0.092,0.174,0.8260000000000001,0.908,0.092,0.174,0.133,0.867
0.0083083501085639,414,86,46,454,0.092,0.172,0.8280000000000001,0.908,0.092,0.172,0.132,0.868
0.008502809330821037,415,85,46,454,0.092,0.17,0.83,0.908,0.092,0.17,0.131,0.869
0.008935133926570415,415,85,47,453,0.094,0.17,0.83,0.906,0.094,0.17,0.132,0.868
0.008965645916759968,415,85,48,452,0.096,0.17,0.83,0.904,0.096,0.17,0.133,0.867
0.009462747722864151,416,84,48,452,0.096,0.168,0.832,0.904,0.096,0.168,0.132,0.868
0.009734485298395157,417,83,48,452,0.096,0.166,0.834,0.904,0.096,0.166,0.131,0.869
0.0098192747682333,418,82,48,452,0.096,0.164,0.836,0.904,0.096,0.164,0.13,0.87
0.010242233984172344,418,82,49,451,0.098,0.164,0.836,0.902,0.098,0.164,0.131,0.869
0.010560070164501667,419,81,49,451,0.098,0.162,0.838,0.902,0.098,0.162,0.13,0.87
0.011608201079070568,420,80,49,451,0.098,0.16,0.84,0.902,0.098,0.16,0.129,0.871
0.011760090477764606,421,79,49,451,0.098,0.158,0.842,0.902,0.098,0.158,0.128,0.872
0.011769072152674198,422,78,49,451,0.098,0.156,0.844,0.902,0.098,0.156,0.127,0.873
0.011855807155370712,422,78,50,450,0.1,0.156,0.844,0.9,0.1,0.156,0.128,0.872
0.011921187862753868,422,78,51,449,0.102,0.156,0.844,0.898,0.102,0.156,0.129,0.871
0.012226811610162258,422,78,52,448,0.104,0.156,0.844,0.896,0.104,0.156,0.13,0.87
0.01227088924497366,423,77,52,448,0.104,0.154,0.846,0.896,0.104,0.154,0.129,0.871
0.012513217516243458,424,76,52,448,0.104,0.152,0.848,0.896,0.104,0.152,0.128,0.872
0.012715904973447323,424,76,53,447,0.106,0.152,0.848,0.894,0.106,0.152,0.129,0.871
0.01274172030389309,424,76,54,446,0.108,0.152,0.848,0.892,0.108,0.152,0.13,0.87
0.012790266424417496,425,75,54,446,0.108,0.15,0.85,0.892,0.108,0.15,0.129,0.871
0.012917870655655861,426,74,54,446,0.108,0.148,0.852,0.892,0.108,0.148,0.128,0.872
0.013523431494832039,426,74,55,445,0.11,0.148,0.852,0.89,0.11,0.148,0.129,0.871
0.013730441220104694,427,73,55,445,0.11,0.146,0.854,0.89,0.11,0.146,0.128,0.872
0.01465554814785719,428,72,55,445,0.11,0.144,0.856,0.89,0.11,0.144,0.127,0.873
0.014704062603414059,429,71,55,445,0.11,0.142,0.858,0.89,0.11,0.142,0.126,0.874
0.01499885506927967,430,70,55,445,0.11,0.14,0.86,0.89,0.11,0.14,0.125,0.875
0.016212977468967438,431,69,55,445,0.11,0.138,0.862,0.89,0.11,0.138,0.124,0.876
0.016321668401360512,431,69,56,444,0.112,0.138,0.862,0.888,0.112,0.138,0.125,0.875
0.01648697629570961,432,68,56,444,0.112,0.136,0.864,0.888,0.112,0.136,0.124,0.876
0.01676473580300808,432,68,57,443,0.114,0.136,0.864,0.886,0.114,0.136,0.125,0.875
0.01698375679552555,432,68,58,442,0.116,0.136,0.864,0.884,0.116,0.136,0.126,0.874
0.01701611839234829,432,68,59,441,0.118,0.136,0.864,0.882,0.118,0.136,0.127,0.873
0.017642000690102577,433,67,59,441,0.118,0.134,0.866,0.882,0.118,0.134,0.126,0.874
0.01782538928091526,434,66,59,441,0.118,0.132,0.868,0.882,0.118,0.132,0.125,0.875
0.017993444576859474,435,65,59,441,0.118,0.13,0.87,0.882,0.118,0.13,0.124,0.876
0.018318241462111473,435,65,60,440,0.12,0.13,0.87,0.88,0.12,0.13,0.125,0.875
0.019008511677384377,436,64,60,440,0.12,0.128,0.872,0.88,0.12,0.128,0.124,0.876
0.01952778548002243,437,63,60,440,0.12,0.126,0.874,0.88,0.12,0.126,0.123,0.877
0.019593946635723114,437,63,61,439,0.122,0.126,0.874,0.878,0.122,0.126,0.124,0.876
0.020010104402899742,437,63,62,438,0.124,0.126,0.874,0.876,0.124,0.126,0.125,0.875
0.020117292180657387,438,62,62,438,0.124,0.124,0.876,0.876,0.124,0.124,0.124,0.876
0.020780686289072037,439,61,62,438,0.124,0.122,0.878,0.876,0.124,0.122,0.123,0.877
0.021146465092897415,439,61,63,437,0.126,0.122,0.878,0.874,0.126,0.122,0.124,0.876
0.02147608809173107,440,60,63,437,0.126,0.12,0.88,0.874,0.126,0.12,0.123,0.877
0.021817773580551147,440,60,64,436,0.128,0.12,0.88,0.872,0.128,0.12,0.124,0.876
0.022145958617329597,441,59,64,436,0.128,0.118,0.882,0.872,0.128,0.118,0.123,0.877
0.022206103429198265,442,58,64,436,0.128,0.116,0.884,0.872,0.128,0.116,0.122,0.878
0.024477394297719002,442,58,65,435,0.13,0.116,0.884,0.87,0.13,0.116,0.123,0.877
0.024619052186608315,442,58,66,434,0.132,0.116,0.884,0.868,0.132,0.116,0.124,0.876
0.02815205045044422,442,58,67,433,0.134,0.116,0.884,0.866,0.134,0.116,0.125,0.875
0.03147485852241516,443,57,67,433,0.134,0.114,0.886,0.866,0.134,0.114,0.124,0.876
0.032027509063482285,444,56,67,433,0.134,0.112,0.888,0.866,0.134,0.112,0.123,0.877
0.032243818044662476,445,55,67,433,0.134,0.11,0.89,0.866,0.134,0.11,0.122,0.878
0.03247147426009178,446,54,67,433,0.134,0.108,0.892,0.866,0.134,0.108,0.121,0.879
0.03347661718726158,447,53,67,433,0.134,0.106,0.894,0.866,0.134,0.106,0.12,0.88
0.03474852442741394,447,53,68,432,0.136,0.106,0.894,0.864,0.136,0.106,0.121,0.879
0.036266766488552094,448,52,68,432,0.136,0.104,0.896,0.864,0.136,0.104,0.12,0.88
0.040148478001356125,449,51,68,432,0.136,0.102,0.898,0.864,0.136,0.102,0.119,0.881
0.04059213027358055,449,51,69,431,0.138,0.102,0.898,0.862,0.138,0.102,0.12,0.88
0.040961820632219315,450,50,69,431,0.138,0.1,0.9,0.862,0.138,0.1,0.11900000000000001,0.881
0.04097917675971985,451,49,69,431,0.138,0.098,0.902,0.862,0.138,0.098,0.11800000000000001,0.882
0.04149984195828438,451,49,70,430,0.14,0.098,0.902,0.86,0.14,0.098,0.11900000000000001,0.881
0.045740045607089996,452,48,70,430,0.14,0.096,0.904,0.86,0.14,0.096,0.11800000000000001,0.882
0.04584844037890434,452,48,71,429,0.142,0.096,0.904,0.858,0.142,0.096,0.119,0.881
0.04626212269067764,452,48,72,428,0.144,0.096,0.904,0.856,0.144,0.096,0.12,0.88
0.04787883162498474,453,47,72,428,0.144,0.094,0.906,0.856,0.144,0.094,0.119,0.881
0.049106158316135406,454,46,72,428,0.144,0.092,0.908,0.856,0.144,0.092,0.118,0.882
0.04938628152012825,455,45,72,428,0.144,0.09,0.91,0.856,0.144,0.09,0.11699999999999999,0.883
0.04980166628956795,455,45,73,427,0.146,0.09,0.91,0.854,0.146,0.09,0.118,0.882
0.0521540530025959,456,44,73,427,0.146,0.088,0.912,0.854,0.146,0.088,0.11699999999999999,0.883
0.05324595049023628,457,43,73,427,0.146,0.086,0.914,0.854,0.146,0.086,0.11599999999999999,0.884
0.05514862760901451,457,43,74,426,0.148,0.086,0.914,0.852,0.148,0.086,0.11699999999999999,0.883
0.06064726412296295,458,42,74,426,0.148,0.084,0.916,0.852,0.148,0.084,0.11599999999999999,0.884
0.06175461411476135,459,41,74,426,0.148,0.082,0.918,0.852,0.148,0.082,0.11499999999999999,0.885
0.06403321027755737,459,41,75,425,0.15,0.082,0.918,0.85,0.15,0.082,0.11599999999999999,0.884
0.06640947610139847,460,40,75,425,0.15,0.08,0.92,0.85,0.15,0.08,0.11499999999999999,0.885
0.07038667798042297,461,39,75,425,0.15,0.078,0.922,0.85,0.15,0.078,0.11399999999999999,0.886
0.07309159636497498,461,39,76,424,0.152,0.078,0.922,0.848,0.152,0.078,0.11499999999999999,0.885
0.07557372748851776,461,39,77,423,0.154,0.078,0.922,0.846,0.154,0.078,0.11599999999999999,0.884
0.0761537104845047,461,39,78,422,0.156,0.078,0.922,0.844,0.156,0.078,0.11699999999999999,0.883
0.08226186037063599,461,39,79,421,0.158,0.078,0.922,0.842,0.158,0.078,0.118,0.882
0.08623121678829193,462,38,79,421,0.158,0.076,0.924,0.842,0.158,0.076,0.11699999999999999,0.883
0.08647866547107697,462,38,80,420,0.16,0.076,0.924,0.84,0.16,0.076,0.118,0.882
0.08685724437236786,463,37,80,420,0.16,0.074,0.926,0.84,0.16,0.074,0.11699999999999999,0.883
0.08715919405221939,463,37,81,419,0.162,0.074,0.926,0.838,0.162,0.074,0.118,0.882
0.08853055536746979,464,36,81,419,0.162,0.072,0.928,0.838,0.162,0.072,0.11699999999999999,0.883
0.09056869149208069,464,36,82,418,0.164,0.072,0.928,0.836,0.164,0.072,0.118,0.882
0.09107465296983719,464,36,83,417,0.166,0.072,0.928,0.834,0.166,0.072,0.119,0.881
0.09828220307826996,465,35,83,417,0.166,0.07,0.9299999999999999,0.834,0.166,0.07,0.11800000000000001,0.882
0.09925512969493866,466,34,83,417,0.166,0.068,0.9319999999999999,0.834,0.166,0.068,0.117,0.883
0.10311699658632278,467,33,83,417,0.166,0.066,0.9339999999999999,0.834,0.166,0.066,0.116,0.884
0.10870674252510071,467,33,84,416,0.168,0.066,0.9339999999999999,0.832,0.168,0.066,0.117,0.883
0.10926403105258942,468,32,84,416,0.168,0.064,0.9359999999999999,0.832,0.168,0.064,0.116,0.884
0.1114887073636055,468,32,85,415,0.17,0.064,0.9359999999999999,0.83,0.17,0.064,0.117,0.883
0.11164093762636185,469,31,85,415,0.17,0.062,0.938,0.83,0.17,0.062,0.116,0.884
0.11239688098430634,469,31,86,414,0.172,0.062,0.938,0.8280000000000001,0.172,0.062,0.11699999999999999,0.883
0.11892945319414139,469,31,87,413,0.174,0.062,0.938,0.8260000000000001,0.174,0.062,0.118,0.882
0.12144079804420471,470,30,87,413,0.174,0.06,0.94,0.8260000000000001,0.174,0.06,0.11699999999999999,0.883
0.1217864528298378,470,30,88,412,0.176,0.06,0.94,0.8240000000000001,0.176,0.06,0.118,0.882
0.12228257209062576,470,30,89,411,0.178,0.06,0.94,0.8220000000000001,0.178,0.06,0.119,0.881
0.12267939746379852,470,30,90,410,0.18,0.06,0.94,0.8200000000000001,0.18,0.06,0.12,0.88
0.13128338754177094,471,29,90,410,0.18,0.058,0.942,0.8200000000000001,0.18,0.058,0.119,0.881
0.13158607482910156,472,28,90,410,0.18,0.056,0.944,0.8200000000000001,0.18,0.056,0.118,0.882
0.1350804716348648,472,28,91,409,0.182,0.056,0.944,0.8180000000000001,0.182,0.056,0.119,0.881
0.13674558699131012,473,27,91,409,0.182,0.054,0.946,0.8180000000000001,0.182,0.054,0.118,0.882
0.1432366967201233,473,27,92,408,0.184,0.054,0.946,0.8160000000000001,0.184,0.054,0.119,0.881
0.14378967881202698,474,26,92,408,0.184,0.052,0.948,0.8160000000000001,0.184,0.052,0.118,0.882
0.1494547724723816,474,26,93,407,0.186,0.052,0.948,0.8140000000000001,0.186,0.052,0.119,0.881
0.15284030139446259,474,26,94,406,0.188,0.052,0.948,0.812,0.188,0.052,0.12,0.88
0.15582187473773956,474,26,95,405,0.19,0.052,0.948,0.81,0.19,0.052,0.121,0.879
0.15731675922870636,474,26,96,404,0.192,0.052,0.948,0.808,0.192,0.052,0.122,0.878
0.15781231224536896,474,26,97,403,0.194,0.052,0.948,0.806,0.194,0.052,0.123,0.877
0.15891408920288086,475,25,97,403,0.194,0.05,0.95,0.806,0.194,0.05,0.122,0.878
0.16142496466636658,475,25,98,402,0.196,0.05,0.95,0.804,0.196,0.05,0.123,0.877
0.17561368644237518,476,24,98,402,0.196,0.048,0.952,0.804,0.196,0.048,0.122,0.878
0.1764625906944275,476,24,99,401,0.198,0.048,0.952,0.802,0.198,0.048,0.123,0.877
0.18211016058921814,476,24,100,400,0.2,0.048,0.952,0.8,0.2,0.048,0.124,0.876
0.1828548014163971,476,24,101,399,0.202,0.048,0.952,0.798,0.202,0.048,0.125,0.875
0.18853120505809784,476,24,102,398,0.204,0.048,0.952,0.796,0.204,0.048,0.126,0.874
0.19252771139144897,476,24,103,397,0.206,0.048,0.952,0.794,0.206,0.048,0.127,0.873
0.19811749458312988,476,24,104,396,0.208,0.048,0.952,0.792,0.208,0.048,0.128,0.872
0.19853068888187408,476,24,105,395,0.21,0.048,0.952,0.79,0.21,0.048,0.129,0.871
0.204375222325325,476,24,106,394,0.212,0.048,0.952,0.788,0.212,0.048,0.13,0.87
0.2106168419122696,476,24,107,393,0.214,0.048,0.952,0.786,0.214,0.048,0.131,0.869
0.21974338591098785,476,24,108,392,0.216,0.048,0.952,0.784,0.216,0.048,0.132,0.868
0.2258874922990799,476,24,109,391,0.218,0.048,0.952,0.782,0.218,0.048,0.133,0.867
0.22861024737358093,476,24,110,390,0.22,0.048,0.952,0.78,0.22,0.048,0.134,0.866
0.23073571920394897,477,23,110,390,0.22,0.046,0.954,0.78,0.22,0.046,0.133,0.867
0.23492860794067383,478,22,110,390,0.22,0.044,0.956,0.78,0.22,0.044,0.132,0.868
0.23775285482406616,478,22,111,389,0.222,0.044,0.956,0.778,0.222,0.044,0.133,0.867
0.2378588616847992,478,22,112,388,0.224,0.044,0.956,0.776,0.224,0.044,0.134,0.866
0.24610863626003265,478,22,113,387,0.226,0.044,0.956,0.774,0.226,0.044,0.135,0.865
0.25255852937698364,478,22,114,386,0.228,0.044,0.956,0.772,0.228,0.044,0.136,0.864
0.264431893825531,478,22,115,385,0.23,0.044,0.956,0.77,0.23,0.044,0.137,0.863
0.2689096927642822,479,21,115,385,0.23,0.042,0.958,0.77,0.23,0.042,0.136,0.864
0.27783986926078796,479,21,116,384,0.232,0.042,0.958,0.768,0.232,0.042,0.137,0.863
0.2787753641605377,479,21,117,383,0.234,0.042,0.958,0.766,0.234,0.042,0.138,0.862
0.29435667395591736,479,21,118,382,0.236,0.042,0.958,0.764,0.236,0.042,0.13899999999999998,0.861
0.29523563385009766,480,20,118,382,0.236,0.04,0.96,0.764,0.236,0.04,0.13799999999999998,0.862
0.29614073038101196,481,19,118,382,0.236,0.038,0.962,0.764,0.236,0.038,0.13699999999999998,0.863
0.2981066107749939,481,19,119,381,0.238,0.038,0.962,0.762,0.238,0.038,0.13799999999999998,0.862
0.3104815185070038,482,18,119,381,0.238,0.036,0.964,0.762,0.238,0.036,0.13699999999999998,0.863
0.3270995616912842,482,18,120,380,0.24,0.036,0.964,0.76,0.24,0.036,0.13799999999999998,0.862
0.3384682834148407,482,18,121,379,0.242,0.036,0.964,0.758,0.242,0.036,0.13899999999999998,0.861
0.34315866231918335,482,18,122,378,0.244,0.036,0.964,0.756,0.244,0.036,0.13999999999999999,0.86
0.3442438244819641,483,17,122,378,0.244,0.034,0.966,0.756,0.244,0.034,0.139,0.861
0.3454943299293518,484,16,122,378,0.244,0.032,0.968,0.756,0.244,0.032,0.138,0.862
0.35689425468444824,484,16,123,377,0.246,0.032,0.968,0.754,0.246,0.032,0.139,0.861
0.35725679993629456,485,15,123,377,0.246,0.03,0.97,0.754,0.246,0.03,0.138,0.862
0.3603392243385315,485,15,124,376,0.248,0.03,0.97,0.752,0.248,0.03,0.139,0.861
0.3634610176086426,485,15,125,375,0.25,0.03,0.97,0.75,0.25,0.03,0.14,0.86
0.3726128041744232,485,15,126,374,0.252,0.03,0.97,0.748,0.252,0.03,0.14100000000000001,0.859
0.3740329146385193,485,15,127,373,0.254,0.03,0.97,0.746,0.254,0.03,0.14200000000000002,0.858
0.3820573389530182,485,15,128,372,0.256,0.03,0.97,0.744,0.256,0.03,0.14300000000000002,0.857
0.3846926987171173,485,15,129,371,0.258,0.03,0.97,0.742,0.258,0.03,0.14400000000000002,0.856
0.39418402314186096,486,14,129,371,0.258,0.028,0.972,0.742,0.258,0.028,0.14300000000000002,0.857
0.40114903450012207,486,14,130,370,0.26,0.028,0.972,0.74,0.26,0.028,0.14400000000000002,0.856
0.40351736545562744,486,14,131,369,0.262,0.028,0.972,0.738,0.262,0.028,0.14500000000000002,0.855
0.41231656074523926,487,13,131,369,0.262,0.026,0.974,0.738,0.262,0.026,0.14400000000000002,0.856
0.4411051869392395,487,13,132,368,0.264,0.026,0.974,0.736,0.264,0.026,0.14500000000000002,0.855
0.4463340938091278,487,13,133,367,0.266,0.026,0.974,0.734,0.266,0.026,0.14600000000000002,0.854
0.4464366137981415,487,13,134,366,0.268,0.026,0.974,0.732,0.268,0.026,0.14700000000000002,0.853
0.4469105899333954,487,13,135,365,0.27,0.026,0.974,0.73,0.27,0.026,0.14800000000000002,0.852
0.45428380370140076,487,13,136,364,0.272,0.026,0.974,0.728,0.272,0.026,0.14900000000000002,0.851
0.4560282826423645,487,13,137,363,0.274,0.026,0.974,0.726,0.274,0.026,0.15000000000000002,0.85
0.45735403895378113,487,13,138,362,0.276,0.026,0.974,0.724,0.276,0.026,0.15100000000000002,0.849
0.4630604088306427,487,13,139,361,0.278,0.026,0.974,0.722,0.278,0.026,0.15200000000000002,0.848
0.49403393268585205,488,12,139,361,0.278,0.024,0.976,0.722,0.278,0.024,0.15100000000000002,0.849
0.5,488,12,140,360,0.28,0.024,0.976,0.72,0.28,0.024,0.15200000000000002,0.848
0.5153017640113831,488,12,140,360,0.28,0.024,0.976,0.72,0.28,0.024,0.15200000000000002,0.848
0.5302509665489197,488,12,141,359,0.282,0.024,0.976,0.718,0.282,0.024,0.153,0.847
0.532585859298706,488,12,142,358,0.284,0.024,0.976,0.716,0.284,0.024,0.154,0.846
0.5510376691818237,488,12,143,357,0.286,0.024,0.976,0.714,0.286,0.024,0.155,0.845
0.5535712242126465,488,12,144,356,0.288,0.024,0.976,0.712,0.288,0.024,0.156,0.844
0.5596542358398438,488,12,145,355,0.29,0.024,0.976,0.71,0.29,0.024,0.157,0.843
0.5647449493408203,489,11,145,355,0.29,0.022,0.978,0.71,0.29,0.022,0.156,0.844
0.5723856091499329,489,11,146,354,0.292,0.022,0.978,0.708,0.292,0.022,0.157,0.843
0.5754589438438416,489,11,147,353,0.294,0.022,0.978,0.706,0.294,0.022,0.158,0.842
0.5846121311187744,489,11,148,352,0.296,0.022,0.978,0.704,0.296,0.022,0.159,0.841
0.610964834690094,490,10,148,352,0.296,0.02,0.98,0.704,0.296,0.02,0.158,0.842
0.6122189164161682,490,10,149,351,0.298,0.02,0.98,0.702,0.298,0.02,0.159,0.841
0.6172855496406555,491,9,149,351,0.298,0.018,0.982,0.702,0.298,0.018,0.158,0.842
0.6306080222129822,491,9,150,350,0.3,0.018,0.982,0.7,0.3,0.018,0.159,0.841
0.637809157371521,491,9,151,349,0.302,0.018,0.982,0.698,0.302,0.018,0.16,0.84
0.6476944088935852,491,9,152,348,0.304,0.018,0.982,0.696,0.304,0.018,0.161,0.839
0.662448525428772,491,9,153,347,0.306,0.018,0.982,0.694,0.306,0.018,0.162,0.838
0.6766436100006104,491,9,154,346,0.308,0.018,0.982,0.692,0.308,0.018,0.163,0.837
0.6779146790504456,491,9,155,345,0.31,0.018,0.982,0.69,0.31,0.018,0.164,0.836
0.6916944980621338,491,9,156,344,0.312,0.018,0.982,0.688,0.312,0.018,0.165,0.835
0.7087515592575073,491,9,157,343,0.314,0.018,0.982,0.6859999999999999,0.314,0.018,0.166,0.834
0.7105172276496887,491,9,158,342,0.316,0.018,0.982,0.6839999999999999,0.316,0.018,0.167,0.833
0.7197815179824829,491,9,159,341,0.318,0.018,0.982,0.6819999999999999,0.318,0.018,0.168,0.832
0.7219868898391724,492,8,159,341,0.318,0.016,0.984,0.6819999999999999,0.318,0.016,0.167,0.833
0.735592782497406,493,7,159,341,0.318,0.014,0.986,0.6819999999999999,0.318,0.014,0.166,0.834
0.7500864267349243,493,7,160,340,0.32,0.014,0.986,0.6799999999999999,0.32,0.014,0.167,0.833
0.776732325553894,493,7,161,339,0.322,0.014,0.986,0.6779999999999999,0.322,0.014,0.168,0.832
0.8045567274093628,493,7,162,338,0.324,0.014,0.986,0.6759999999999999,0.324,0.014,0.169,0.831
0.809008777141571,493,7,163,337,0.326,0.014,0.986,0.6739999999999999,0.326,0.014,0.17,0.83
0.8116737604141235,493,7,164,336,0.328,0.014,0.986,0.6719999999999999,0.328,0.014,0.171,0.829
0.8145645260810852,493,7,165,335,0.33,0.014,0.986,0.6699999999999999,0.33,0.014,0.17200000000000001,0.828
0.8275486826896667,493,7,166,334,0.332,0.014,0.986,0.6679999999999999,0.332,0.014,0.17300000000000001,0.827
0.8328496217727661,493,7,167,333,0.334,0.014,0.986,0.6659999999999999,0.334,0.014,0.17400000000000002,0.826
0.8338496685028076,493,7,168,332,0.336,0.014,0.986,0.6639999999999999,0.336,0.014,0.17500000000000002,0.825
0.8348322510719299,493,7,169,331,0.338,0.014,0.986,0.6619999999999999,0.338,0.014,0.17600000000000002,0.824
0.8362072706222534,493,7,170,330,0.34,0.014,0.986,0.6599999999999999,0.34,0.014,0.17700000000000002,0.823
0.8415912389755249,493,7,171,329,0.342,0.014,0.986,0.6579999999999999,0.342,0.014,0.17800000000000002,0.822
0.843908965587616,493,7,172,328,0.344,0.014,0.986,0.656,0.344,0.014,0.179,0.821
0.8483970165252686,493,7,173,327,0.346,0.014,0.986,0.654,0.346,0.014,0.18,0.82
0.8511935472488403,493,7,174,326,0.348,0.014,0.986,0.652,0.348,0.014,0.181,0.819
0.8536346554756165,493,7,175,325,0.35,0.014,0.986,0.65,0.35,0.014,0.182,0.818
0.8662229776382446,493,7,176,324,0.352,0.014,0.986,0.648,0.352,0.014,0.183,0.817
0.8664073348045349,493,7,177,323,0.354,0.014,0.986,0.646,0.354,0.014,0.184,0.816
0.8700591325759888,493,7,178,322,0.356,0.014,0.986,0.644,0.356,0.014,0.185,0.815
0.8713626265525818,493,7,179,321,0.358,0.014,0.986,0.642,0.358,0.014,0.186,0.814
0.8730477094650269,493,7,180,320,0.36,0.014,0.986,0.64,0.36,0.014,0.187,0.813
0.8775619864463806,493,7,181,319,0.362,0.014,0.986,0.638,0.362,0.014,0.188,0.812
0.8824742436408997,493,7,182,318,0.364,0.014,0.986,0.636,0.364,0.014,0.189,0.811
0.8828550577163696,493,7,183,317,0.366,0.014,0.986,0.634,0.366,0.014,0.19,0.81
0.8878783583641052,493,7,184,316,0.368,0.014,0.986,0.632,0.368,0.014,0.191,0.809
0.8892154693603516,493,7,185,315,0.37,0.014,0.986,0.63,0.37,0.014,0.192,0.808
0.8916764855384827,493,7,186,314,0.372,0.014,0.986,0.628,0.372,0.014,0.193,0.807
0.8947731852531433,493,7,187,313,0.374,0.014,0.986,0.626,0.374,0.014,0.194,0.806
0.904221773147583,494,6,187,313,0.374,0.012,0.988,0.626,0.374,0.012,0.193,0.807
0.915346622467041,494,6,188,312,0.376,0.012,0.988,0.624,0.376,0.012,0.194,0.806
0.9204421639442444,494,6,189,311,0.378,0.012,0.988,0.622,0.378,0.012,0.195,0.805
0.9205473065376282,494,6,190,310,0.38,0.012,0.988,0.62,0.38,0.012,0.196,0.804
0.923815131187439,494,6,191,309,0.382,0.012,0.988,0.618,0.382,0.012,0.197,0.803
0.9255669713020325,494,6,192,308,0.384,0.012,0.988,0.616,0.384,0.012,0.198,0.802
0.9324905872344971,494,6,193,307,0.386,0.012,0.988,0.614,0.386,0.012,0.199,0.801
0.9366080164909363,494,6,194,306,0.388,0.012,0.988,0.612,0.388,0.012,0.2,0.8
0.9386209845542908,495,5,194,306,0.388,0.01,0.99,0.612,0.388,0.01,0.199,0.801
0.9406847357749939,495,5,195,305,0.39,0.01,0.99,0.61,0.39,0.01,0.2,0.8
0.9425269961357117,495,5,196,304,0.392,0.01,0.99,0.608,0.392,0.01,0.201,0.799
0.9496746063232422,495,5,197,303,0.394,0.01,0.99,0.606,0.394,0.01,0.202,0.798
0.9498918652534485,495,5,198,302,0.396,0.01,0.99,0.604,0.396,0.01,0.203,0.797
0.9524019956588745,495,5,199,301,0.398,0.01,0.99,0.602,0.398,0.01,0.20400000000000001,0.796
0.9543771743774414,495,5,200,300,0.4,0.01,0.99,0.6,0.4,0.01,0.20500000000000002,0.795
0.9556055068969727,496,4,200,300,0.4,0.008,0.992,0.6,0.4,0.008,0.20400000000000001,0.796
0.9602811336517334,496,4,201,299,0.402,0.008,0.992,0.598,0.402,0.008,0.20500000000000002,0.795
0.960581362247467,496,4,202,298,0.404,0.008,0.992,0.596,0.404,0.008,0.20600000000000002,0.794
0.9639523029327393,496,4,203,297,0.406,0.008,0.992,0.594,0.406,0.008,0.20700000000000002,0.793
0.9657386541366577,496,4,204,296,0.408,0.008,0.992,0.5920000000000001,0.408,0.008,0.208,0.792
0.9666019678115845,496,4,205,295,0.41,0.008,0.992,0.5900000000000001,0.41,0.008,0.209,0.791
0.9676508903503418,496,4,206,294,0.412,0.008,0.992,0.5880000000000001,0.412,0.008,0.21,0.79
0.9689040184020996,496,4,207,293,0.414,0.008,0.992,0.5860000000000001,0.414,0.008,0.211,0.789
0.9692277312278748,496,4,208,292,0.416,0.008,0.992,0.5840000000000001,0.416,0.008,0.212,0.788
0.9706118702888489,496,4,209,291,0.418,0.008,0.992,0.5820000000000001,0.418,0.008,0.213,0.787
0.971258282661438,496,4,210,290,0.42,0.008,0.992,0.5800000000000001,0.42,0.008,0.214,0.786
0.9717602729797363,496,4,211,289,0.422,0.008,0.992,0.5780000000000001,0.422,0.008,0.215,0.785
0.9719449281692505,497,3,211,289,0.422,0.006,0.994,0.5780000000000001,0.422,0.006,0.214,0.786
0.9763054847717285,497,3,212,288,0.424,0.006,0.994,0.5760000000000001,0.424,0.006,0.215,0.785
0.9766345620155334,497,3,213,287,0.426,0.006,0.994,0.5740000000000001,0.426,0.006,0.216,0.784
0.9766651391983032,497,3,214,286,0.428,0.006,0.994,0.5720000000000001,0.428,0.006,0.217,0.783
0.978094756603241,497,3,215,285,0.43,0.006,0.994,0.5700000000000001,0.43,0.006,0.218,0.782
0.9790669083595276,497,3,216,284,0.432,0.006,0.994,0.5680000000000001,0.432,0.006,0.219,0.781
0.9801109433174133,497,3,217,283,0.434,0.006,0.994,0.5660000000000001,0.434,0.006,0.22,0.78
0.9818639755249023,497,3,218,282,0.436,0.006,0.994,0.5640000000000001,0.436,0.006,0.221,0.779
0.9821218252182007,497,3,219,281,0.438,0.006,0.994,0.562,0.438,0.006,0.222,0.778
0.983025312423706,497,3,220,280,0.44,0.006,0.994,0.56,0.44,0.006,0.223,0.777
0.9834398031234741,497,3,221,279,0.442,0.006,0.994,0.558,0.442,0.006,0.224,0.776
0.985008716583252,497,3,222,278,0.444,0.006,0.994,0.556,0.444,0.006,0.225,0.775
0.9854239821434021,497,3,223,277,0.446,0.006,0.994,0.554,0.446,0.006,0.226,0.774
0.9857818484306335,497,3,224,276,0.448,0.006,0.994,0.552,0.448,0.006,0.227,0.773
0.9871571660041809,497,3,225,275,0.45,0.006,0.994,0.55,0.45,0.006,0.228,0.772
0.987848162651062,497,3,226,274,0.452,0.006,0.994,0.548,0.452,0.006,0.229,0.771
0.9880576133728027,497,3,227,273,0.454,0.006,0.994,0.546,0.454,0.006,0.23,0.77
0.988212525844574,497,3,228,272,0.456,0.006,0.994,0.544,0.456,0.006,0.231,0.769
0.989452600479126,497,3,229,271,0.458,0.006,0.994,0.542,0.458,0.006,0.232,0.768
0.9896224737167358,497,3,230,270,0.46,0.006,0.994,0.54,0.46,0.006,0.233,0.767
0.9904601573944092,497,3,231,269,0.462,0.006,0.994,0.538,0.462,0.006,0.234,0.766
0.9907060265541077,497,3,232,268,0.464,0.006,0.994,0.536,0.464,0.006,0.23500000000000001,0.765
0.991014301776886,497,3,233,267,0.466,0.006,0.994,0.534,0.466,0.006,0.23600000000000002,0.764
0.9912301301956177,497,3,234,266,0.468,0.006,0.994,0.532,0.468,0.006,0.23700000000000002,0.763
0.9912663102149963,497,3,235,265,0.47,0.006,0.994,0.53,0.47,0.006,0.238,0.762
0.9916538596153259,497,3,236,264,0.472,0.006,0.994,0.528,0.472,0.006,0.239,0.761
0.9921948909759521,497,3,237,263,0.474,0.006,0.994,0.526,0.474,0.006,0.24,0.76
0.9924542307853699,497,3,238,262,0.476,0.006,0.994,0.524,0.476,0.006,0.241,0.759
0.9931267499923706,497,3,239,261,0.478,0.006,0.994,0.522,0.478,0.006,0.242,0.758
0.9932997226715088,497,3,240,260,0.48,0.006,0.994,0.52,0.48,0.006,0.243,0.757
0.9933788776397705,497,3,241,259,0.482,0.006,0.994,0.518,0.482,0.006,0.244,0.756
0.9937339425086975,497,3,242,258,0.484,0.006,0.994,0.516,0.484,0.006,0.245,0.755
0.993958592414856,497,3,243,257,0.486,0.006,0.994,0.514,0.486,0.006,0.246,0.754
0.9941258430480957,497,3,244,256,0.488,0.006,0.994,0.512,0.488,0.006,0.247,0.753
0.994152843952179,497,3,245,255,0.49,0.006,0.994,0.51,0.49,0.006,0.248,0.752
0.9941827654838562,497,3,246,254,0.492,0.006,0.994,0.508,0.492,0.006,0.249,0.751
0.9941993951797485,498,2,246,254,0.492,0.004,0.996,0.508,0.492,0.004,0.248,0.752
0.9942980408668518,498,2,247,253,0.494,0.004,0.996,0.506,0.494,0.004,0.249,0.751
0.9943189024925232,498,2,248,252,0.496,0.004,0.996,0.504,0.496,0.004,0.25,0.75
0.9950433969497681,498,2,249,251,0.498,0.004,0.996,0.502,0.498,0.004,0.251,0.749
0.995335042476654,498,2,250,250,0.5,0.004,0.996,0.5,0.5,0.004,0.252,0.748
0.9953389167785645,498,2,251,249,0.502,0.004,0.996,0.498,0.502,0.004,0.253,0.747
0.9953619837760925,498,2,252,248,0.504,0.004,0.996,0.496,0.504,0.004,0.254,0.746
0.9955341815948486,498,2,253,247,0.506,0.004,0.996,0.494,0.506,0.004,0.255,0.745
0.9958257675170898,498,2,254,246,0.508,0.004,0.996,0.492,0.508,0.004,0.256,0.744
0.9958435893058777,498,2,255,245,0.51,0.004,0.996,0.49,0.51,0.004,0.257,0.743
0.9959839582443237,498,2,256,244,0.512,0.004,0.996,0.488,0.512,0.004,0.258,0.742
0.9962384700775146,498,2,257,243,0.514,0.004,0.996,0.486,0.514,0.004,0.259,0.741
0.9963263869285583,498,2,258,242,0.516,0.004,0.996,0.484,0.516,0.004,0.26,0.74
0.996368408203125,498,2,259,241,0.518,0.004,0.996,0.482,0.518,0.004,0.261,0.739
0.9966164231300354,498,2,260,240,0.52,0.004,0.996,0.48,0.52,0.004,0.262,0.738
0.9966456294059753,498,2,261,239,0.522,0.004,0.996,0.478,0.522,0.004,0.263,0.737
0.9967280626296997,498,2,262,238,0.524,0.004,0.996,0.476,0.524,0.004,0.264,0.736
0.9967319965362549,498,2,263,237,0.526,0.004,0.996,0.474,0.526,0.004,0.265,0.735
0.9967845678329468,498,2,264,236,0.528,0.004,0.996,0.472,0.528,0.004,0.266,0.734
0.9971969127655029,498,2,265,235,0.53,0.004,0.996,0.47,0.53,0.004,0.267,0.733
0.9972487092018127,498,2,266,234,0.532,0.004,0.996,0.46799999999999997,0.532,0.004,0.268,0.732
0.9973468780517578,498,2,267,233,0.534,0.004,0.996,0.46599999999999997,0.534,0.004,0.269,0.731
0.9974808096885681,498,2,268,232,0.536,0.004,0.996,0.46399999999999997,0.536,0.004,0.27,0.73
0.9974874258041382,498,2,269,231,0.538,0.004,0.996,0.46199999999999997,0.538,0.004,0.271,0.729
0.9976212382316589,498,2,270,230,0.54,0.004,0.996,0.45999999999999996,0.54,0.004,0.272,0.728
0.9978780746459961,498,2,271,229,0.542,0.004,0.996,0.45799999999999996,0.542,0.004,0.273,0.727
0.9980424642562866,498,2,272,228,0.544,0.004,0.996,0.45599999999999996,0.544,0.004,0.274,0.726
0.9980453252792358,498,2,273,227,0.546,0.004,0.996,0.45399999999999996,0.546,0.004,0.275,0.725
0.9980582594871521,498,2,274,226,0.548,0.004,0.996,0.45199999999999996,0.548,0.004,0.276,0.724
0.9981691837310791,498,2,275,225,0.55,0.004,0.996,0.44999999999999996,0.55,0.004,0.277,0.723
0.9985516667366028,498,2,276,224,0.552,0.004,0.996,0.44799999999999995,0.552,0.004,0.278,0.722
0.9985829591751099,498,2,277,223,0.554,0.004,0.996,0.44599999999999995,0.554,0.004,0.279,0.721
0.9986023306846619,498,2,278,222,0.556,0.004,0.996,0.44399999999999995,0.556,0.004,0.28,0.72
0.998630702495575,498,2,279,221,0.558,0.004,0.996,0.44199999999999995,0.558,0.004,0.281,0.719
0.9988318085670471,498,2,280,220,0.56,0.004,0.996,0.43999999999999995,0.56,0.004,0.28200000000000003,0.718
0.9988357424736023,498,2,281,219,0.562,0.004,0.996,0.43799999999999994,0.562,0.004,0.28300000000000003,0.717
0.9988635778427124,498,2,282,218,0.564,0.004,0.996,0.43600000000000005,0.564,0.004,0.284,0.716
0.9988651275634766,498,2,283,217,0.566,0.004,0.996,0.43400000000000005,0.566,0.004,0.285,0.715
0.9988981485366821,498,2,284,216,0.568,0.004,0.996,0.43200000000000005,0.568,0.004,0.286,0.714
0.9989388585090637,498,2,285,215,0.57,0.004,0.996,0.43000000000000005,0.57,0.004,0.287,0.713
0.9991907477378845,498,2,286,214,0.572,0.004,0.996,0.42800000000000005,0.572,0.004,0.288,0.712
0.9991963505744934,498,2,287,213,0.574,0.004,0.996,0.42600000000000005,0.574,0.004,0.289,0.711
0.9992326498031616,498,2,288,212,0.576,0.004,0.996,0.42400000000000004,0.576,0.004,0.29,0.71
0.9993624091148376,498,2,289,211,0.578,0.004,0.996,0.42200000000000004,0.578,0.004,0.291,0.709
0.9993651509284973,498,2,290,210,0.58,0.004,0.996,0.42000000000000004,0.58,0.004,0.292,0.708
0.9993979930877686,498,2,291,209,0.582,0.004,0.996,0.41800000000000004,0.582,0.004,0.293,0.707
0.9994710087776184,498,2,292,208,0.584,0.004,0.996,0.41600000000000004,0.584,0.004,0.294,0.706
0.9994879961013794,498,2,293,207,0.586,0.004,0.996,0.41400000000000003,0.586,0.004,0.295,0.705
0.9995095729827881,498,2,294,206,0.588,0.004,0.996,0.41200000000000003,0.588,0.004,0.296,0.704
0.9995126724243164,498,2,295,205,0.59,0.004,0.996,0.41000000000000003,0.59,0.004,0.297,0.703
0.9995296001434326,498,2,296,204,0.592,0.004,0.996,0.40800000000000003,0.592,0.004,0.298,0.702
0.9996145963668823,498,2,297,203,0.594,0.004,0.996,0.406,0.594,0.004,0.299,0.701
0.9996278285980225,498,2,298,202,0.596,0.004,0.996,0.404,0.596,0.004,0.3,0.7
0.999630331993103,498,2,299,201,0.598,0.004,0.996,0.402,0.598,0.004,0.301,0.699
0.9996346235275269,498,2,300,200,0.6,0.004,0.996,0.4,0.6,0.004,0.302,0.698
0.999642014503479,498,2,301,199,0.602,0.004,0.996,0.398,0.602,0.004,0.303,0.697
0.9996691942214966,498,2,302,198,0.604,0.004,0.996,0.396,0.604,0.004,0.304,0.696
0.9997045397758484,498,2,303,197,0.606,0.004,0.996,0.394,0.606,0.004,0.305,0.695
0.9997301697731018,498,2,304,196,0.608,0.004,0.996,0.392,0.608,0.004,0.306,0.694
0.9997536540031433,498,2,305,195,0.61,0.004,0.996,0.39,0.61,0.004,0.307,0.693
0.9997566342353821,498,2,306,194,0.612,0.004,0.996,0.388,0.612,0.004,0.308,0.692
0.9997608065605164,498,2,307,193,0.614,0.004,0.996,0.386,0.614,0.004,0.309,0.691
0.9997751116752625,498,2,308,192,0.616,0.004,0.996,0.384,0.616,0.004,0.31,0.69
0.9997878670692444,498,2,309,191,0.618,0.004,0.996,0.382,0.618,0.004,0.311,0.689
0.9997952580451965,498,2,310,190,0.62,0.004,0.996,0.38,0.62,0.004,0.312,0.688
0.9998019337654114,498,2,311,189,0.622,0.004,0.996,0.378,0.622,0.004,0.313,0.687
0.9998134970664978,498,2,312,188,0.624,0.004,0.996,0.376,0.624,0.004,0.314,0.686
0.999840497970581,498,2,313,187,0.626,0.004,0.996,0.374,0.626,0.004,0.315,0.685
0.999875545501709,498,2,314,186,0.628,0.004,0.996,0.372,0.628,0.004,0.316,0.684
0.9998903274536133,498,2,315,185,0.63,0.004,0.996,0.37,0.63,0.004,0.317,0.683
0.9998905658721924,498,2,316,184,0.632,0.004,0.996,0.368,0.632,0.004,0.318,0.682
0.9999008178710938,498,2,317,183,0.634,0.004,0.996,0.366,0.634,0.004,0.319,0.681
0.9999022483825684,498,2,318,182,0.636,0.004,0.996,0.364,0.636,0.004,0.32,0.68
0.9999098777770996,498,2,319,181,0.638,0.004,0.996,0.362,0.638,0.004,0.321,0.679
0.9999164342880249,498,2,320,180,0.64,0.004,0.996,0.36,0.64,0.004,0.322,0.678
0.9999197721481323,498,2,322,178,0.644,0.004,0.996,0.356,0.644,0.004,0.324,0.676
0.9999212026596069,498,2,323,177,0.646,0.004,0.996,0.354,0.646,0.004,0.325,0.675
0.999923825263977,499,1,323,177,0.646,0.002,0.998,0.354,0.646,0.002,0.324,0.676
0.9999244213104248,499,1,324,176,0.648,0.002,0.998,0.352,0.648,0.002,0.325,0.675
0.9999344348907471,499,1,325,175,0.65,0.002,0.998,0.35,0.65,0.002,0.326,0.674
0.9999396800994873,499,1,326,174,0.652,0.002,0.998,0.348,0.652,0.002,0.327,0.673
0.9999402761459351,499,1,327,173,0.654,0.002,0.998,0.346,0.654,0.002,0.328,0.672
0.9999450445175171,499,1,328,172,0.656,0.002,0.998,0.344,0.656,0.002,0.329,0.671
0.9999479055404663,499,1,330,170,0.66,0.002,0.998,0.33999999999999997,0.66,0.002,0.331,0.669
0.9999535083770752,499,1,331,169,0.662,0.002,0.998,0.33799999999999997,0.662,0.002,0.332,0.668
0.9999566078186035,499,1,332,168,0.664,0.002,0.998,0.33599999999999997,0.664,0.002,0.333,0.667
0.9999569654464722,499,1,333,167,0.666,0.002,0.998,0.33399999999999996,0.666,0.002,0.334,0.666
0.999961256980896,499,1,334,166,0.668,0.002,0.998,0.33199999999999996,0.668,0.002,0.335,0.665
0.9999614953994751,499,1,335,165,0.67,0.002,0.998,0.32999999999999996,0.67,0.002,0.336,0.664
0.999962329864502,499,1,336,164,0.672,0.002,0.998,0.32799999999999996,0.672,0.002,0.337,0.663
0.9999661445617676,499,1,337,163,0.674,0.002,0.998,0.32599999999999996,0.674,0.002,0.338,0.662
0.9999667406082153,499,1,338,162,0.676,0.002,0.998,0.32399999999999995,0.676,0.002,0.339,0.661
0.9999692440032959,499,1,339,161,0.678,0.002,0.998,0.32199999999999995,0.678,0.002,0.34,0.66
0.9999697208404541,499,1,340,160,0.68,0.002,0.998,0.31999999999999995,0.68,0.002,0.341,0.659
0.999972939491272,499,1,341,159,0.682,0.002,0.998,0.31799999999999995,0.682,0.002,0.342,0.658
0.9999767541885376,499,1,342,158,0.684,0.002,0.998,0.31599999999999995,0.684,0.002,0.343,0.657
0.999977707862854,499,1,343,157,0.686,0.002,0.998,0.31399999999999995,0.686,0.002,0.34400000000000003,0.656
0.9999778270721436,499,1,344,156,0.688,0.002,0.998,0.31200000000000006,0.688,0.002,0.345,0.655
0.9999788999557495,499,1,345,155,0.69,0.002,0.998,0.31000000000000005,0.69,0.002,0.346,0.654
0.9999803304672241,499,1,346,154,0.692,0.002,0.998,0.30800000000000005,0.692,0.002,0.347,0.653
0.9999804496765137,499,1,347,153,0.694,0.002,0.998,0.30600000000000005,0.694,0.002,0.348,0.652
0.9999806880950928,499,1,348,152,0.696,0.002,0.998,0.30400000000000005,0.696,0.002,0.349,0.651
0.9999822378158569,499,1,349,151,0.698,0.002,0.998,0.30200000000000005,0.698,0.002,0.35,0.65
0.9999829530715942,499,1,351,149,0.702,0.002,0.998,0.29800000000000004,0.702,0.002,0.352,0.648
0.9999842643737793,499,1,352,148,0.704,0.002,0.998,0.29600000000000004,0.704,0.002,0.353,0.647
0.9999860525131226,499,1,353,147,0.706,0.002,0.998,0.29400000000000004,0.706,0.002,0.354,0.646
0.9999884366989136,499,1,354,146,0.708,0.002,0.998,0.29200000000000004,0.708,0.002,0.355,0.645
0.9999890327453613,499,1,358,142,0.716,0.002,0.998,0.28400000000000003,0.716,0.002,0.359,0.641
0.9999903440475464,499,1,359,141,0.718,0.002,0.998,0.28200000000000003,0.718,0.002,0.36,0.64
0.9999910593032837,499,1,360,140,0.72,0.002,0.998,0.28,0.72,0.002,0.361,0.639
0.9999920129776001,499,1,361,139,0.722,0.002,0.998,0.278,0.722,0.002,0.362,0.638
0.9999933242797852,499,1,362,138,0.724,0.002,0.998,0.276,0.724,0.002,0.363,0.637
0.9999935626983643,499,1,363,137,0.726,0.002,0.998,0.274,0.726,0.002,0.364,0.636
0.9999936819076538,499,1,364,136,0.728,0.002,0.998,0.272,0.728,0.002,0.365,0.635
0.9999942779541016,499,1,365,135,0.73,0.002,0.998,0.27,0.73,0.002,0.366,0.634
0.9999951124191284,499,1,367,133,0.734,0.002,0.998,0.266,0.734,0.002,0.368,0.632
0.9999957084655762,499,1,368,132,0.736,0.002,0.998,0.264,0.736,0.002,0.369,0.631
0.9999958276748657,499,1,369,131,0.738,0.002,0.998,0.262,0.738,0.002,0.37,0.63
0.9999960660934448,499,1,371,129,0.742,0.002,0.998,0.258,0.742,0.002,0.372,0.628
0.9999963045120239,499,1,372,128,0.744,0.002,0.998,0.256,0.744,0.002,0.373,0.627
0.9999967813491821,499,1,373,127,0.746,0.002,0.998,0.254,0.746,0.002,0.374,0.626
0.9999970197677612,499,1,374,126,0.748,0.002,0.998,0.252,0.748,0.002,0.375,0.625
0.9999971389770508,499,1,375,125,0.75,0.002,0.998,0.25,0.75,0.002,0.376,0.624
0.9999973773956299,499,1,376,124,0.752,0.002,0.998,0.248,0.752,0.002,0.377,0.623
0.9999974966049194,499,1,377,123,0.754,0.002,0.998,0.246,0.754,0.002,0.378,0.622
0.999997615814209,499,1,379,121,0.758,0.002,0.998,0.242,0.758,0.002,0.38,0.62
0.9999977350234985,500,0,380,120,0.76,0.0,1.0,0.24,0.76,0.0,0.38,0.62
0.9999978542327881,500,0,382,118,0.764,0.0,1.0,0.236,0.764,0.0,0.382,0.618
0.9999979734420776,500,0,383,117,0.766,0.0,1.0,0.23399999999999999,0.766,0.0,0.383,0.617
0.9999980926513672,500,0,385,115,0.77,0.0,1.0,0.22999999999999998,0.77,0.0,0.385,0.615
0.9999982118606567,500,0,387,113,0.774,0.0,1.0,0.22599999999999998,0.774,0.0,0.387,0.613
0.9999983310699463,500,0,388,112,0.776,0.0,1.0,0.22399999999999998,0.776,0.0,0.388,0.612
0.9999984502792358,500,0,389,111,0.778,0.0,1.0,0.22199999999999998,0.778,0.0,0.389,0.611
0.9999985694885254,500,0,390,110,0.78,0.0,1.0,0.21999999999999997,0.78,0.0,0.39,0.61
0.9999986886978149,500,0,391,109,0.782,0.0,1.0,0.21799999999999997,0.782,0.0,0.391,0.609
0.9999988079071045,500,0,392,108,0.784,0.0,1.0,0.21599999999999997,0.784,0.0,0.392,0.608
0.999998927116394,500,0,393,107,0.786,0.0,1.0,0.21399999999999997,0.786,0.0,0.393,0.607
0.9999990463256836,500,0,394,106,0.788,0.0,1.0,0.21199999999999997,0.788,0.0,0.394,0.606
0.9999991655349731,500,0,398,102,0.796,0.0,1.0,0.20399999999999996,0.796,0.0,0.398,0.602
0.9999992847442627,500,0,400,100,0.8,0.0,1.0,0.19999999999999996,0.8,0.0,0.4,0.6
0.9999994039535522,500,0,404,96,0.808,0.0,1.0,0.19199999999999995,0.808,0.0,0.404,0.596
0.9999995231628418,500,0,410,90,0.82,0.0,1.0,0.18000000000000005,0.82,0.0,0.41,0.59
0.9999996423721313,500,0,417,83,0.834,0.0,1.0,0.16600000000000004,0.834,0.0,0.417,0.583
0.9999997615814209,500,0,422,78,0.844,0.0,1.0,0.15600000000000003,0.844,0.0,0.422,0.578
0.9999998807907104,500,0,427,73,0.854,0.0,1.0,0.14600000000000002,0.854,0.0,0.427,0.573
1.0,500,0,446,54,0.892,0.0,1.0,0.10799999999999998,0.892,0.0,0.446,0.554
